{
    "@context": "https://linked.art/ns/v1/linked-art.json",
    "exact_match": [
        "http://id.loc.gov/authorities/names/n79006546"
    ],
    "id": "http://data.okeeffemuseum.org/archive/corp/naf/n79006546",
    "identified_by": [
        {
            "classified_as": [
                {
                    "id": "aat:300264273",
                    "label": "nonpreferred terms",
                    "type": "Type"
                }
            ],
            "type": "Name",
            "value": "New York Convention and Visitors Bureau, Inc. (1935)"
        }
    ],
    "type": "Actor"
}