{
    "@context": "https://linked.art/ns/v1/linked-art.json",
    "exact_match": [
        "http://id.loc.gov/authorities/names/n79082160"
    ],
    "id": "http://data.okeeffemuseum.org/archive/corp/naf/n79082160",
    "identified_by": [
        {
            "classified_as": [
                {
                    "id": "wd:Q43649390",
                    "label": "Wikidata Entity",
                    "type": "Type"
                }
            ],
            "id": "http://data.okeeffemuseum.org/archive/corp/naf/n79082160/wikidata",
            "type": "Identifier",
            "value": [
                "Q30668394",
                "Q463303"
            ]
        },
        {
            "classified_as": [
                {
                    "id": "aat:300264273",
                    "label": "nonpreferred terms",
                    "type": "Type"
                }
            ],
            "type": "Name",
            "value": "American Academy of Arts and Sciences (1780)"
        }
    ],
    "participated_in": [
        {
            "classified_as": [
                {
                    "id": "aat:300138082",
                    "label": "techniques (processes)"
                }
            ],
            "id": "http://id.loc.gov/vocabulary/relators/crp",
            "label": "Correspondent",
            "type": "Activity"
        }
    ],
    "subject_of": [
        {
            "classified_as": [
                {
                    "id": "wd:Q15138389",
                    "label": "Wikipedia Article",
                    "type": "Type"
                },
                {
                    "id": "aat:300264578",
                    "label": "Web pages (documents)",
                    "type": "Type"
                }
            ],
            "id": "https://en.wikipedia.org/wiki/American_Academy_of_Arts_and_Sciences",
            "type": "LinguisticObject"
        },
        {
            "classified_as": [
                {
                    "id": "aat:300264578",
                    "label": "Web pages (documents)",
                    "type": "Type"
                },
                {
                    "id": "wd:Q15138389",
                    "label": "Wikipedia Article",
                    "type": "Type"
                }
            ],
            "id": "https://en.wikipedia.org/wiki/Academy_of_Arts_%26_Sciences_(San_Francisco%2C_California)",
            "type": "LinguisticObject"
        }
    ],
    "type": "Actor"
}