{
    "@context": "https://linked.art/ns/v1/linked-art.json",
    "exact_match": [
        "http://id.loc.gov/authorities/names/n84192705"
    ],
    "id": "http://data.okeeffemuseum.org/archive/corp/naf/n84192705",
    "identified_by": [
        {
            "classified_as": [
                {
                    "id": "aat:300264273",
                    "label": "nonpreferred terms",
                    "type": "Type"
                }
            ],
            "type": "Name",
            "value": "Vogue (London, England) (1892)"
        }
    ],
    "participated_in": [
        {
            "classified_as": [
                {
                    "id": "aat:300138082",
                    "label": "techniques (processes)"
                }
            ],
            "id": "http://id.loc.gov/vocabulary/relators/pbl",
            "label": "Publisher",
            "type": "Activity"
        }
    ],
    "type": "Actor"
}