{
    "@context": "https://linked.art/ns/v1/linked-art.json",
    "exact_match": [
        "http://id.loc.gov/authorities/names/nr92002387"
    ],
    "id": "http://data.okeeffemuseum.org/archive/corp/naf/nr92002387",
    "identified_by": [
        {
            "classified_as": [
                {
                    "id": "aat:300264273",
                    "label": "nonpreferred terms",
                    "type": "Type"
                }
            ],
            "type": "Name",
            "value": "C.T. Loo, Inc. (New York, N.Y.)"
        }
    ],
    "type": "Actor"
}