{
    "@context": "https://linked.art/ns/v1/linked-art.json",
    "exact_match": [
        "http://id.loc.gov/authorities/names/n50044887"
    ],
    "id": "http://data.okeeffemuseum.org/archive/person/naf/n50044887",
    "identified_by": [
        {
            "classified_as": [
                {
                    "id": "aat:300264273",
                    "label": "nonpreferred terms",
                    "type": "Type"
                }
            ],
            "id": "http://data.okeeffemuseum.org/archive/person/naf/n50044887/name",
            "type": "Name",
            "value": "Rich, Daniel Catton, 1904-1976"
        }
    ],
    "label": "Rich, Daniel Catton, 1904-1976",
    "participated_in": [
        {
            "classified_as": [
                {
                    "id": "aat:300138082",
                    "label": "techniques (processes)"
                }
            ],
            "id": "http://id.loc.gov/vocabulary/relators/rcp",
            "label": "Recipient",
            "type": "Activity"
        },
        {
            "classified_as": [
                {
                    "id": "aat:300138082",
                    "label": "techniques (processes)"
                }
            ],
            "id": "http://id.loc.gov/vocabulary/relators/crp",
            "label": "Correspondent",
            "type": "Activity"
        }
    ],
    "type": "Actor"
}