{
    "@context": "https://linked.art/ns/v1/linked-art.json",
    "exact_match": [
        "http://id.loc.gov/authorities/names/n82134897"
    ],
    "id": "http://data.okeeffemuseum.org/archive/person/naf/n82134897",
    "identified_by": [
        {
            "classified_as": [
                {
                    "id": "aat:300264273",
                    "label": "nonpreferred terms",
                    "type": "Type"
                }
            ],
            "id": "http://data.okeeffemuseum.org/archive/person/naf/n82134897/name",
            "type": "Name",
            "value": "Lowe, Sue Davidson, b. 1922"
        }
    ],
    "participated_in": [
        {
            "classified_as": [
                {
                    "id": "aat:300138082",
                    "label": "techniques (processes)"
                }
            ],
            "id": "http://id.loc.gov/vocabulary/relators/pht",
            "label": "Photographer",
            "type": "Activity"
        }
    ],
    "type": "Actor"
}