{
    "@context": "https://linked.art/ns/v1/linked-art.json",
    "exact_match": [
        "http://id.loc.gov/authorities/names/n84214669"
    ],
    "id": "http://data.okeeffemuseum.org/archive/person/naf/n84214669",
    "identified_by": [
        {
            "classified_as": [
                {
                    "id": "aat:300264273",
                    "label": "nonpreferred terms",
                    "type": "Type"
                }
            ],
            "id": "http://data.okeeffemuseum.org/archive/person/naf/n84214669/name",
            "type": "Name",
            "value": "Robison, Andrew"
        }
    ],
    "participated_in": [
        {
            "classified_as": [
                {
                    "id": "aat:300138082",
                    "label": "techniques (processes)"
                }
            ],
            "id": "http://id.loc.gov/vocabulary/relators/crp",
            "label": "Correspondent",
            "type": "Activity"
        }
    ],
    "type": "Actor"
}