{
    "@context": "https://linked.art/ns/v1/linked-art.json",
    "exact_match": [
        "http://id.loc.gov/authorities/names/no2012034383"
    ],
    "id": "http://data.okeeffemuseum.org/archive/person/naf/no2012034383",
    "identified_by": [
        {
            "classified_as": [
                {
                    "id": "aat:300264273",
                    "label": "nonpreferred terms",
                    "type": "Type"
                }
            ],
            "id": "http://data.okeeffemuseum.org/archive/person/naf/no2012034383/name",
            "type": "Name",
            "value": "Sewell, Jack V., 1923-2010"
        }
    ],
    "participated_in": [
        {
            "classified_as": [
                {
                    "id": "aat:300138082",
                    "label": "techniques (processes)"
                }
            ],
            "id": "http://id.loc.gov/vocabulary/relators/aut",
            "label": "Author",
            "type": "Activity"
        }
    ],
    "type": "Actor"
}