{
    "@context": "https://linked.art/ns/v1/linked-art.json",
    "id": "http://data.okeeffemuseum.org/archive/corp/local/lee-foundation-for-nutritional-research-1941-",
    "identified_by": [
        {
            "classified_as": [
                {
                    "id": "aat:300264273",
                    "label": "nonpreferred terms",
                    "type": "Type"
                }
            ],
            "type": "Name",
            "value": "Lee Foundation for Nutritional Research (1941)"
        }
    ],
    "type": "Actor"
}