{
    "@context": "https://linked.art/ns/v1/linked-art.json",
    "id": "http://data.okeeffemuseum.org/archive/corp/local/north-texas-chow-chow-club-inc-1980-",
    "identified_by": [
        {
            "classified_as": [
                {
                    "id": "aat:300264273",
                    "label": "nonpreferred terms",
                    "type": "Type"
                }
            ],
            "type": "Name",
            "value": "North Texas Chow Chow Club, Inc. (1980)"
        }
    ],
    "participated_in": [
        {
            "classified_as": [
                {
                    "id": "aat:300138082",
                    "label": "techniques (processes)"
                }
            ],
            "id": "http://id.loc.gov/vocabulary/relators/pbl",
            "label": "Publisher",
            "type": "Activity"
        }
    ],
    "type": "Actor"
}