{
    "@context": "https://linked.art/ns/v1/linked-art.json",
    "id": "http://data.okeeffemuseum.org/archive/corp/local/the-estate-stove-company-1842-1945-",
    "identified_by": [
        {
            "classified_as": [
                {
                    "id": "aat:300264273",
                    "label": "nonpreferred terms",
                    "type": "Type"
                }
            ],
            "type": "Name",
            "value": "The Estate Stove Company (1842-1945)"
        }
    ],
    "type": "Actor"
}