{
    "@context": "https://linked.art/ns/v1/linked-art.json",
    "id": "http://data.okeeffemuseum.org/archive/person/local/akes-leonard-herman-1918-2006",
    "identified_by": [
        {
            "classified_as": [
                {
                    "id": "aat:300264273",
                    "label": "nonpreferred terms",
                    "type": "Type"
                }
            ],
            "id": "http://data.okeeffemuseum.org/archive/person/local/akes-leonard-herman-1918-2006/name",
            "type": "Name",
            "value": "Akes, Leonard Herman, 1918-2006"
        }
    ],
    "type": "Actor"
}