{
    "@context": "https://linked.art/ns/v1/linked-art.json",
    "id": "http://data.okeeffemuseum.org/archive/person/local/jack-peter-monro-1896-1944",
    "identified_by": [
        {
            "classified_as": [
                {
                    "id": "aat:300264273",
                    "label": "nonpreferred terms",
                    "type": "Type"
                }
            ],
            "id": "http://data.okeeffemuseum.org/archive/person/local/jack-peter-monro-1896-1944/name",
            "type": "Name",
            "value": "Jack, Peter Monro, 1896-1944"
        }
    ],
    "type": "Actor"
}