{
    "@context": "https://linked.art/ns/v1/linked-art.json",
    "id": "http://data.okeeffemuseum.org/archive/person/local/landau-clara",
    "identified_by": [
        {
            "classified_as": [
                {
                    "id": "aat:300264273",
                    "label": "nonpreferred terms",
                    "type": "Type"
                }
            ],
            "id": "http://data.okeeffemuseum.org/archive/person/local/landau-clara/name",
            "type": "Name",
            "value": "Landau, Clara"
        }
    ],
    "participated_in": [
        {
            "classified_as": [
                {
                    "id": "aat:300138082",
                    "label": "techniques (processes)"
                }
            ],
            "id": "http://id.loc.gov/vocabulary/relators/crp",
            "label": "Correspondent",
            "type": "Activity"
        }
    ],
    "type": "Actor"
}