{
    "@context": "https://linked.art/ns/v1/linked-art.json",
    "id": "http://data.okeeffemuseum.org/archive/person/local/maria-chabot-literary-trust",
    "identified_by": [
        {
            "type": "Name",
            "value": "Maria Chabot Literary Trust"
        },
        {
            "type": "Name",
            "value": "Maria Chabot Literary Trust"
        }
    ],
    "participated_in": [
        {
            "classified_as": [
                {
                    "id": "aat:300138082",
                    "label": "techniques (processes)"
                }
            ],
            "id": "http://id.loc.gov/vocabulary/relators/dnr",
            "label": "Donor",
            "type": "Activity"
        },
        {
            "classified_as": [
                {
                    "id": "aat:300138082",
                    "label": "techniques (processes)"
                }
            ],
            "id": "aat:origination_source",
            "label": [
                "origination source",
                "origination_source"
            ],
            "type": "Activity"
        }
    ],
    "type": "Actor"
}