{
    "@context": "https://linked.art/ns/v1/linked-art.json",
    "brought_into_existence_by": {
        "id": "http://data.okeeffemuseum.org/person/1024/birthevent/",
        "timespan": {
            "begin_of_the_begin": "1927-01-01T00:00:00",
            "end_of_the_end": "1927-01-01T00:00:00",
            "id": "http://data.okeeffemuseum.org/person/1024/birthevent/timespan/",
            "label": "1927",
            "type": "TimeSpan"
        },
        "type": "BeginningOfExistence"
    },
    "classified_as": [
        {
            "id": "aat:300025969",
            "label": "corporations",
            "type": "Type"
        }
    ],
    "exact_match": [
        "http://id.loc.gov/authorities/names/n85066123"
    ],
    "id": "http://data.okeeffemuseum.org/person/1024",
    "identified_by": [
        {
            "classified_as": [
                {
                    "id": "aat:300404621",
                    "label": "repository numbers",
                    "type": "Type"
                }
            ],
            "id": "http://data.okeeffemuseum.org/person/1024/identifier/1/",
            "type": "Identifier",
            "value": "1024"
        },
        {
            "classified_as": [
                {
                    "id": "aat:300404670",
                    "label": "preferred terms",
                    "type": "Type"
                }
            ],
            "id": "http://data.okeeffemuseum.org/person/1024/name/0",
            "type": "Name",
            "value": "Ferragamo S.p.A."
        },
        {
            "classified_as": [
                {
                    "id": "wd:Q43649390",
                    "label": "Wikidata Entity",
                    "type": "Type"
                }
            ],
            "id": "http://data.okeeffemuseum.org/person/1024/wikidata",
            "type": "Identifier",
            "value": "Q981342"
        }
    ],
    "label": "Ferragamo S.p.A.",
    "member_of": [
        {
            "id": "http://data.okeeffemuseum.org/person/1024/nationality/",
            "label": "Italian",
            "type": "Group"
        },
        {
            "id": "http://data.okeeffemuseum.org/person/1024/occupation/",
            "label": "Designer",
            "type": "Group"
        }
    ],
    "participated_in": [
        {
            "classified_as": [
                {
                    "id": "aat:300138082",
                    "label": "techniques (processes)"
                }
            ],
            "id": "aat:300025966",
            "label": [
                "Business",
                "businesses (business enterprises)"
            ],
            "type": [
                "Activity",
                "Type"
            ]
        },
        {
            "classified_as": [
                {
                    "id": "aat:300138082",
                    "label": "techniques (processes)"
                }
            ],
            "id": "http://id.loc.gov/vocabulary/relators/dsr",
            "label": "Designer",
            "type": "Activity"
        },
        {
            "classified_as": [
                {
                    "id": "aat:300263369",
                    "label": "occupations (livelihoods)",
                    "type": "Type"
                }
            ],
            "id": "http://data.okeeffemuseum.org/occupation/designer",
            "label": "Designer",
            "type": "Activity"
        }
    ],
    "referred_to_by": [
        {
            "classified_as": [
                {
                    "id": "aat:300080102",
                    "label": "biographies (literary works)",
                    "type": "Type"
                }
            ],
            "id": "http://data.okeeffemuseum.org/person/1024/description/",
            "label": "Salvatore Ferragamo (5 June 1898 \u2013 7 August 1960) was an Italian shoe designer and the founder of luxury goods high-end retailer Salvatore Ferragamo S.p.A.. Ferragamo worked with many Hollywood stars in the 1920s, before returning to Italy to found the eponymous company making bespoke footwear. His creative approach to shoes spawned many innovations such as the wedge heel and cage heel. (Sourced from Wikipedia, August 2019)",
            "type": "LinguisticObject"
        }
    ],
    "subject_of": [
        {
            "classified_as": [
                {
                    "id": "aat:300264578",
                    "label": "Web pages (documents)",
                    "type": "Type"
                },
                {
                    "id": "wd:Q15138389",
                    "label": "Wikipedia Article",
                    "type": "Type"
                }
            ],
            "id": "https://en.wikipedia.org/wiki/Salvatore_Ferragamo",
            "type": "LinguisticObject"
        }
    ],
    "type": "Actor"
}