{
    "@context": "https://linked.art/ns/v1/linked-art.json",
    "brought_into_existence_by": {
        "id": "http://data.okeeffemuseum.org/person/1062/birthevent/",
        "timespan": {
            "begin_of_the_begin": "1894-01-01T00:00:00",
            "end_of_the_end": "1894-01-01T00:00:00",
            "id": "http://data.okeeffemuseum.org/person/1062/birthevent/timespan/",
            "label": "1894",
            "type": "TimeSpan"
        },
        "type": "BeginningOfExistence"
    },
    "classified_as": [
        {
            "id": "aat:300024979",
            "label": "people (agents)",
            "type": "Type"
        }
    ],
    "id": "http://data.okeeffemuseum.org/person/1062",
    "identified_by": [
        {
            "classified_as": [
                {
                    "id": "aat:300404670",
                    "label": "preferred terms",
                    "type": "Type"
                }
            ],
            "id": "http://data.okeeffemuseum.org/person/1062/name/0",
            "type": "Name",
            "value": "Allan E Murray"
        },
        {
            "classified_as": [
                {
                    "id": "aat:300404621",
                    "label": "repository numbers",
                    "type": "Type"
                }
            ],
            "id": "http://data.okeeffemuseum.org/person/1062/identifier/1/",
            "type": "Identifier",
            "value": "1062"
        }
    ],
    "label": "Allan E Murray",
    "member_of": [
        {
            "id": "http://data.okeeffemuseum.org/actor/1062/gender/",
            "label": "Male",
            "type": "Group"
        },
        {
            "id": "http://data.okeeffemuseum.org/person/1062/nationality/",
            "label": "American",
            "type": "Group"
        },
        {
            "id": "http://data.okeeffemuseum.org/person/1062/occupation/",
            "label": "Designer",
            "type": "Group"
        }
    ],
    "participated_in": [
        {
            "classified_as": [
                {
                    "id": "aat:300138082",
                    "label": "techniques (processes)"
                }
            ],
            "id": "http://id.loc.gov/vocabulary/relators/dsr",
            "label": "Designer",
            "type": "Activity"
        },
        {
            "classified_as": [
                {
                    "id": "aat:300138082",
                    "label": "techniques (processes)"
                }
            ],
            "id": "http://id.loc.gov/vocabulary/relators/mfr",
            "label": "Manufacturer",
            "type": "Activity"
        },
        {
            "classified_as": [
                {
                    "id": "aat:300263369",
                    "label": "occupations (livelihoods)",
                    "type": "Type"
                }
            ],
            "id": "http://data.okeeffemuseum.org/occupation/designer",
            "label": "Designer",
            "type": "Activity"
        }
    ],
    "taken_out_of_existence_by": {
        "id": "http://data.okeeffemuseum.org/person/1062/deathevent/",
        "timespan": {
            "begin_of_the_begin": "1978-10-24T00:00:00",
            "end_of_the_end": "1978-10-24T00:00:00",
            "id": "http://data.okeeffemuseum.org/person/1062/deathevent/timespan/",
            "label": "Oct 24 1978",
            "type": "TimeSpan"
        },
        "type": "EndOfExistence"
    },
    "type": "Actor"
}