{
    "@context": "https://linked.art/ns/v1/linked-art.json",
    "classified_as": [
        {
            "id": "aat:300024979",
            "label": "people (agents)",
            "type": "Type"
        }
    ],
    "id": "http://data.okeeffemuseum.org/person/1095",
    "identified_by": [
        {
            "classified_as": [
                {
                    "id": "aat:300404621",
                    "label": "repository numbers",
                    "type": "Type"
                }
            ],
            "id": "http://data.okeeffemuseum.org/person/1095/identifier/1/",
            "type": "Identifier",
            "value": "1095"
        },
        {
            "classified_as": [
                {
                    "id": "aat:300404670",
                    "label": "preferred terms",
                    "type": "Type"
                }
            ],
            "id": "http://data.okeeffemuseum.org/person/1095/name/0",
            "type": "Name",
            "value": "Alice Stuart"
        }
    ],
    "label": "Alice Stuart",
    "member_of": [
        {
            "id": "http://data.okeeffemuseum.org/person/1095/occupation/",
            "label": "Clothing Brand",
            "type": "Group"
        }
    ],
    "participated_in": [
        {
            "classified_as": [
                {
                    "id": "aat:300263369",
                    "label": "occupations (livelihoods)",
                    "type": "Type"
                }
            ],
            "id": "http://data.okeeffemuseum.org/occupation/clothing-brand",
            "label": "Clothing Brand",
            "type": "Activity"
        },
        {
            "classified_as": [
                {
                    "id": "aat:300138082",
                    "label": "techniques (processes)"
                }
            ],
            "id": "aat:300028776",
            "label": [
                "trademarks",
                "Trademark"
            ],
            "type": "Activity"
        }
    ],
    "type": "Actor"
}