{
    "@context": "https://linked.art/ns/v1/linked-art.json",
    "brought_into_existence_by": {
        "id": "http://data.okeeffemuseum.org/person/1096/birthevent/",
        "timespan": {
            "begin_of_the_begin": "1968-01-01T00:00:00",
            "end_of_the_end": "1968-01-01T00:00:00",
            "id": "http://data.okeeffemuseum.org/person/1096/birthevent/timespan/",
            "label": "1968",
            "type": "TimeSpan"
        },
        "type": "BeginningOfExistence"
    },
    "classified_as": [
        {
            "id": "aat:300025969",
            "label": "corporations",
            "type": "Type"
        }
    ],
    "exact_match": [
        "http://id.loc.gov/authorities/names/n2003002806"
    ],
    "id": "http://data.okeeffemuseum.org/person/1096",
    "identified_by": [
        {
            "classified_as": [
                {
                    "id": "aat:300404670",
                    "label": "preferred terms",
                    "type": "Type"
                }
            ],
            "id": "http://data.okeeffemuseum.org/person/1096/name/0",
            "type": "Name",
            "value": "Calvin Klein Inc."
        },
        {
            "classified_as": [
                {
                    "id": "aat:300404621",
                    "label": "repository numbers",
                    "type": "Type"
                }
            ],
            "id": "http://data.okeeffemuseum.org/person/1096/identifier/1/",
            "type": "Identifier",
            "value": "1096"
        },
        {
            "classified_as": [
                {
                    "id": "wd:Q43649390",
                    "label": "Wikidata Entity",
                    "type": "Type"
                }
            ],
            "id": "http://data.okeeffemuseum.org/person/1096/wikidata",
            "type": "Identifier",
            "value": "Q1068628"
        }
    ],
    "label": "Calvin Klein Inc.",
    "member_of": [
        {
            "id": "http://data.okeeffemuseum.org/person/1096/nationality/",
            "label": "American",
            "type": "Group"
        },
        {
            "id": "http://data.okeeffemuseum.org/person/1096/occupation/",
            "label": "Clothing Brand",
            "type": "Group"
        }
    ],
    "participated_in": [
        {
            "classified_as": [
                {
                    "id": "aat:300263369",
                    "label": "occupations (livelihoods)",
                    "type": "Type"
                }
            ],
            "id": "http://data.okeeffemuseum.org/occupation/clothing-brand",
            "label": "Clothing Brand",
            "type": "Activity"
        },
        {
            "classified_as": [
                {
                    "id": "aat:300138082",
                    "label": "techniques (processes)"
                }
            ],
            "id": "aat:300025966",
            "label": [
                "Business",
                "businesses (business enterprises)"
            ],
            "type": [
                "Activity",
                "Type"
            ]
        }
    ],
    "referred_to_by": [
        {
            "classified_as": [
                {
                    "id": "aat:300080102",
                    "label": "biographies (literary works)",
                    "type": "Type"
                }
            ],
            "id": "http://data.okeeffemuseum.org/person/1096/description/",
            "label": "Calvin Klein Inc. () is an American luxury fashion house established in 1968. It specializes in leather, lifestyle accessories, home furnishings, perfumery, jewellery, watches and ready-to-wear. The company has substantial market share in retail and commercial lines as well haute couture garments. ^The company was founded by designer Calvin Klein and his childhood friend, Barry K. Schwartz. The company is headquartered in Midtown Manhattan, New York City. (Sourced from Wikipedia, August 2019)",
            "type": "LinguisticObject"
        }
    ],
    "subject_of": [
        {
            "classified_as": [
                {
                    "id": "wd:Q15138389",
                    "label": "Wikipedia Article",
                    "type": "Type"
                },
                {
                    "id": "aat:300264578",
                    "label": "Web pages (documents)",
                    "type": "Type"
                }
            ],
            "id": "https://en.wikipedia.org/wiki/Calvin_Klein_(company)",
            "type": "LinguisticObject"
        }
    ],
    "type": "Actor"
}