{
    "@context": "https://linked.art/ns/v1/linked-art.json",
    "classified_as": [
        {
            "id": "aat:300025969",
            "label": "corporations",
            "type": "Type"
        }
    ],
    "id": "http://data.okeeffemuseum.org/person/1100",
    "identified_by": [
        {
            "classified_as": [
                {
                    "id": "aat:300404670",
                    "label": "preferred terms",
                    "type": "Type"
                }
            ],
            "id": "http://data.okeeffemuseum.org/person/1100/name/0",
            "type": "Name",
            "value": "Suzette International"
        },
        {
            "classified_as": [
                {
                    "id": "aat:300404621",
                    "label": "repository numbers",
                    "type": "Type"
                }
            ],
            "id": "http://data.okeeffemuseum.org/person/1100/identifier/1/",
            "type": "Identifier",
            "value": "1100"
        }
    ],
    "label": "Suzette International",
    "member_of": [
        {
            "id": "http://data.okeeffemuseum.org/person/1100/occupation/",
            "label": "Designer",
            "type": "Group"
        }
    ],
    "participated_in": [
        {
            "classified_as": [
                {
                    "id": "aat:300263369",
                    "label": "occupations (livelihoods)",
                    "type": "Type"
                }
            ],
            "id": "http://data.okeeffemuseum.org/occupation/designer",
            "label": "Designer",
            "type": "Activity"
        },
        {
            "classified_as": [
                {
                    "id": "aat:300138082",
                    "label": "techniques (processes)"
                }
            ],
            "id": "http://id.loc.gov/vocabulary/relators/dsr",
            "label": "Designer",
            "type": "Activity"
        }
    ],
    "type": "Actor"
}