{
    "@context": "https://linked.art/ns/v1/linked-art.json",
    "brought_into_existence_by": {
        "id": "http://data.okeeffemuseum.org/person/1150/birthevent/",
        "timespan": {
            "begin_of_the_begin": "1939-01-01T00:00:00",
            "end_of_the_end": "1939-01-01T00:00:00",
            "id": "http://data.okeeffemuseum.org/person/1150/birthevent/timespan/",
            "label": "1939",
            "type": "TimeSpan"
        },
        "type": "BeginningOfExistence"
    },
    "classified_as": [
        {
            "id": "aat:300025969",
            "label": "corporations",
            "type": "Type"
        }
    ],
    "id": "http://data.okeeffemuseum.org/person/1150",
    "identified_by": [
        {
            "classified_as": [
                {
                    "id": "aat:300404621",
                    "label": "repository numbers",
                    "type": "Type"
                }
            ],
            "id": "http://data.okeeffemuseum.org/person/1150/identifier/1/",
            "type": "Identifier",
            "value": "1150"
        },
        {
            "classified_as": [
                {
                    "id": "aat:300404670",
                    "label": "preferred terms",
                    "type": "Type"
                }
            ],
            "id": "http://data.okeeffemuseum.org/person/1150/name/0",
            "type": "Name",
            "value": "Sidran"
        }
    ],
    "label": "Sidran",
    "member_of": [
        {
            "id": "http://data.okeeffemuseum.org/person/1150/occupation/",
            "label": "Designer",
            "type": "Group"
        }
    ],
    "participated_in": [
        {
            "classified_as": [
                {
                    "id": "aat:300138082",
                    "label": "techniques (processes)"
                }
            ],
            "id": "aat:300025966",
            "label": [
                "businesses (business enterprises)",
                "Business"
            ],
            "type": [
                "Type",
                "Activity"
            ]
        },
        {
            "classified_as": [
                {
                    "id": "aat:300263369",
                    "label": "occupations (livelihoods)",
                    "type": "Type"
                }
            ],
            "id": "http://data.okeeffemuseum.org/occupation/designer",
            "label": "Designer",
            "type": "Activity"
        },
        {
            "classified_as": [
                {
                    "id": "aat:300138082",
                    "label": "techniques (processes)"
                }
            ],
            "id": "http://id.loc.gov/vocabulary/relators/dsr",
            "label": "Designer",
            "type": "Activity"
        }
    ],
    "type": "Actor"
}