{
    "@context": "https://linked.art/ns/v1/linked-art.json",
    "brought_into_existence_by": {
        "id": "http://data.okeeffemuseum.org/person/1155/birthevent/",
        "timespan": {
            "begin_of_the_begin": "1905-09-05T00:00:00",
            "end_of_the_end": "1905-09-05T00:00:00",
            "id": "http://data.okeeffemuseum.org/person/1155/birthevent/timespan/",
            "label": "Sep 05 1905",
            "type": "TimeSpan"
        },
        "type": "BeginningOfExistence"
    },
    "classified_as": [
        {
            "id": "aat:300024979",
            "label": "people (agents)",
            "type": "Type"
        }
    ],
    "exact_match": [
        "ulan:500124474"
    ],
    "id": "http://data.okeeffemuseum.org/person/1155",
    "identified_by": [
        {
            "classified_as": [
                {
                    "id": "aat:300404670",
                    "label": "preferred terms",
                    "type": "Type"
                }
            ],
            "id": "http://data.okeeffemuseum.org/person/1155/name/0",
            "type": "Name",
            "value": "Todd Webb"
        },
        {
            "classified_as": [
                {
                    "id": "aat:300404621",
                    "label": "repository numbers",
                    "type": "Type"
                }
            ],
            "id": "http://data.okeeffemuseum.org/person/1155/identifier/1/",
            "type": "Identifier",
            "value": "1155"
        },
        {
            "classified_as": [
                {
                    "id": "wd:Q43649390",
                    "label": "Wikidata Entity",
                    "type": "Type"
                }
            ],
            "id": "http://data.okeeffemuseum.org/person/1155/wikidata",
            "type": "Identifier",
            "value": "Q3530288"
        }
    ],
    "label": "Todd Webb",
    "member_of": [
        {
            "id": "http://data.okeeffemuseum.org/actor/1155/gender/",
            "label": "Male",
            "type": "Group"
        },
        {
            "id": "http://data.okeeffemuseum.org/person/1155/occupation/",
            "label": "Photographer",
            "type": "Group"
        },
        {
            "id": "http://data.okeeffemuseum.org/person/1155/nationality/",
            "label": "American",
            "type": "Group"
        }
    ],
    "participated_in": [
        {
            "classified_as": [
                {
                    "id": "aat:300263369",
                    "label": "occupations (livelihoods)",
                    "type": "Type"
                }
            ],
            "id": "http://data.okeeffemuseum.org/occupation/photographer",
            "label": "Photographer",
            "type": "Activity"
        },
        {
            "classified_as": [
                {
                    "id": "aat:300138082",
                    "label": "techniques (processes)"
                }
            ],
            "id": "http://id.loc.gov/vocabulary/relators/dpc",
            "label": "Depicted",
            "type": "Activity"
        },
        {
            "classified_as": [
                {
                    "id": "aat:300138082",
                    "label": "techniques (processes)"
                }
            ],
            "id": "http://id.loc.gov/vocabulary/relators/pht",
            "label": "Photographer",
            "type": "Activity"
        },
        {
            "classified_as": [
                {
                    "id": "aat:300138082",
                    "label": "techniques (processes)"
                }
            ],
            "id": "http://id.loc.gov/vocabulary/relators/art",
            "label": "Artist",
            "type": "Activity"
        }
    ],
    "referred_to_by": [
        {
            "classified_as": [
                {
                    "id": "aat:300080102",
                    "label": "biographies (literary works)",
                    "type": "Type"
                }
            ],
            "id": "http://data.okeeffemuseum.org/person/1155/description/",
            "label": "Todd Webb  (September 5, 1905 \u2013 April 15, 2000) was an American photographer notable for documenting everyday life and architecture in cities such as New York City, Paris as well as from the American west. His photography has been compared with Harry Callahan, Berenice Abbott, Walker Evans, and the French photographer Eug\u00e8ne Atget. He traveled extensively during his long life and had important friendships with artists such as Georgia O'Keeffe, Ansel Adams and Harry Callahan. He photographed famous people including Dorothea Lange. His life was like his photos in the sense of being seemingly simple, straightforward, but revealing complexity and depth upon a closer examination. Capturing history, his pictures often transcend the boundary between photography and artistic expression. (Sourced from Wikipedia, August 2019)",
            "type": "LinguisticObject"
        }
    ],
    "subject_of": [
        {
            "classified_as": [
                {
                    "id": "aat:300264578",
                    "label": "Web pages (documents)",
                    "type": "Type"
                },
                {
                    "id": "wd:Q15138389",
                    "label": "Wikipedia Article",
                    "type": "Type"
                }
            ],
            "id": "https://en.wikipedia.org/wiki/Todd_Webb",
            "type": "LinguisticObject"
        }
    ],
    "taken_out_of_existence_by": {
        "id": "http://data.okeeffemuseum.org/person/1155/deathevent/",
        "timespan": {
            "begin_of_the_begin": "2000-04-15T00:00:00",
            "end_of_the_end": "2000-04-15T00:00:00",
            "id": "http://data.okeeffemuseum.org/person/1155/deathevent/timespan/",
            "label": "Apr 15 2000",
            "type": "TimeSpan"
        },
        "type": "EndOfExistence"
    },
    "type": "Actor"
}