{
    "@context": "https://linked.art/ns/v1/linked-art.json",
    "brought_into_existence_by": {
        "id": "http://data.okeeffemuseum.org/person/1190/birthevent/",
        "timespan": {
            "begin_of_the_begin": "1977-01-01T00:00:00",
            "end_of_the_end": "1977-01-01T00:00:00",
            "id": "http://data.okeeffemuseum.org/person/1190/birthevent/timespan/",
            "label": "1977",
            "type": "TimeSpan"
        },
        "type": "BeginningOfExistence"
    },
    "classified_as": [
        {
            "id": "aat:300024979",
            "label": "people (agents)",
            "type": "Type"
        }
    ],
    "id": "http://data.okeeffemuseum.org/person/1190",
    "identified_by": [
        {
            "classified_as": [
                {
                    "id": "aat:300404621",
                    "label": "repository numbers",
                    "type": "Type"
                }
            ],
            "id": "http://data.okeeffemuseum.org/person/1190/identifier/1/",
            "type": "Identifier",
            "value": "1190"
        },
        {
            "classified_as": [
                {
                    "id": "aat:300404670",
                    "label": "preferred terms",
                    "type": "Type"
                }
            ],
            "id": "http://data.okeeffemuseum.org/person/1190/name/0",
            "type": "Name",
            "value": "Michael Namingha"
        }
    ],
    "label": "Michael Namingha",
    "member_of": [
        {
            "id": "http://data.okeeffemuseum.org/person/1190/occupation/",
            "label": "Artist, Photographer",
            "type": "Group"
        },
        {
            "id": "http://data.okeeffemuseum.org/actor/1190/gender/",
            "label": "Male",
            "type": "Group"
        }
    ],
    "participated_in": [
        {
            "classified_as": [
                {
                    "id": "aat:300263369",
                    "label": "occupations (livelihoods)",
                    "type": "Type"
                }
            ],
            "id": "http://data.okeeffemuseum.org/occupation/photographer",
            "label": "Photographer",
            "type": "Activity"
        },
        {
            "classified_as": [
                {
                    "id": "aat:300138082",
                    "label": "techniques (processes)"
                }
            ],
            "id": "http://id.loc.gov/vocabulary/relators/pht",
            "label": "Photographer",
            "type": "Activity"
        },
        {
            "classified_as": [
                {
                    "id": "aat:300263369",
                    "label": "occupations (livelihoods)",
                    "type": "Type"
                }
            ],
            "id": "http://data.okeeffemuseum.org/occupation/artist",
            "label": "Artist",
            "type": "Activity"
        }
    ],
    "type": "Actor"
}