{
    "@context": "https://linked.art/ns/v1/linked-art.json",
    "brought_into_existence_by": {
        "id": "http://data.okeeffemuseum.org/person/1203/birthevent/",
        "timespan": {
            "begin_of_the_begin": "1913-01-01T00:00:00",
            "end_of_the_end": "1913-01-01T00:00:00",
            "id": "http://data.okeeffemuseum.org/person/1203/birthevent/timespan/",
            "label": "1913",
            "type": "TimeSpan"
        },
        "type": "BeginningOfExistence"
    },
    "classified_as": [
        {
            "id": "aat:300025969",
            "label": "corporations",
            "type": "Type"
        }
    ],
    "exact_match": [
        "http://id.loc.gov/authorities/names/nr92033475"
    ],
    "id": "http://data.okeeffemuseum.org/person/1203",
    "identified_by": [
        {
            "classified_as": [
                {
                    "classified_as": [
                        {
                            "id": "aat:300138082",
                            "label": "techniques (processes)"
                        }
                    ],
                    "id": "aat:300025966",
                    "label": [
                        "Business",
                        "businesses (business enterprises)"
                    ],
                    "type": [
                        "Activity",
                        "Type"
                    ]
                }
            ],
            "id": "http://data.okeeffemuseum.org/person/1203/name/0",
            "type": "Name",
            "value": "Boni & Liveright"
        },
        {
            "classified_as": [
                {
                    "id": "wd:Q43649390",
                    "label": "Wikidata Entity",
                    "type": "Type"
                }
            ],
            "id": "http://data.okeeffemuseum.org/person/1203/wikidata",
            "type": "Identifier",
            "value": "Q2910098"
        },
        {
            "classified_as": [
                {
                    "id": "aat:300404621",
                    "label": "repository numbers",
                    "type": "Type"
                }
            ],
            "id": "http://data.okeeffemuseum.org/person/1203/identifier/1/",
            "type": "Identifier",
            "value": "1203"
        }
    ],
    "label": "Boni & Liveright",
    "member_of": [
        {
            "id": "http://data.okeeffemuseum.org/person/1203/nationality/",
            "label": "American",
            "type": "Group"
        },
        {
            "id": "http://data.okeeffemuseum.org/person/1203/occupation/",
            "label": "Author",
            "type": "Group"
        }
    ],
    "participated_in": [
        {
            "classified_as": [
                {
                    "id": "aat:300263369",
                    "label": "occupations (livelihoods)",
                    "type": "Type"
                }
            ],
            "id": "http://data.okeeffemuseum.org/occupation/author",
            "label": "Author",
            "type": "Activity"
        },
        {
            "classified_as": [
                {
                    "id": "aat:300138082",
                    "label": "techniques (processes)"
                }
            ],
            "id": "http://id.loc.gov/vocabulary/relators/crp",
            "label": "Correspondent",
            "type": "Activity"
        }
    ],
    "referred_to_by": [
        {
            "classified_as": [
                {
                    "id": "aat:300080102",
                    "label": "biographies (literary works)",
                    "type": "Type"
                }
            ],
            "id": "http://data.okeeffemuseum.org/person/1203/description/",
            "label": "Boni & Liveright (pronounced \"BONE-eye\" and  \"LIVE-right\") is an American trade book publisher established in 1917 in New York City by Albert Boni and Horace Liveright.  Over the next sixteen years the firm, which changed its name to Horace Liveright, Inc., in 1928 and then Liveright, Inc., in 1931, published over a thousand books. Before its bankruptcy in 1933 and subsequent reorganization as Liveright Publishing Corporation, Inc., it had achieved considerable notoriety for editorial acumen, brash marketing, and challenge to contemporary obscenity and censorship laws.   Their logo is of a cowled monk. ^It was the first American publishers of William Faulkner, Ernest Hemingway, Sigmund Freud, E. E. Cummings, Jean Toomer, Hart Crane, Lewis Mumford, Anita Loos, and the Modern Library series.  In addition to being the house of Theodore Dreiser and Sherwood Anderson throughout the 1920s, it notably published T.S. Eliot's The Waste Land, Isadora Duncan's My Life, Nathanael West's Miss Lonelyhearts, Djuna Barnes's Ryder, Ezra Pound's Personae, John Reed's Ten Days That Shook the World, and Eugene O'Neill's plays.  In his biography of Horace Liveright, Firebrand, author Tom Dardis noted B&L was \"the most magnificent yet messy publishing firm this century has seen.\"  In 1974 Liveright's remaining backlist was bought by W.W. Norton. Norton revived the name as an imprint in 2012. (Sourced from Wikipedia August 2019)",
            "type": "LinguisticObject"
        }
    ],
    "subject_of": [
        {
            "classified_as": [
                {
                    "id": "aat:300264578",
                    "label": "Web pages (documents)",
                    "type": "Type"
                },
                {
                    "id": "wd:Q15138389",
                    "label": "Wikipedia Article",
                    "type": "Type"
                }
            ],
            "id": "https://en.wikipedia.org/wiki/Boni_%26_Liveright",
            "type": "LinguisticObject"
        }
    ],
    "taken_out_of_existence_by": {
        "id": "http://data.okeeffemuseum.org/person/1203/deathevent/",
        "timespan": {
            "begin_of_the_begin": "1933-01-01T00:00:00",
            "end_of_the_end": "1933-01-01T00:00:00",
            "id": "http://data.okeeffemuseum.org/person/1203/deathevent/timespan/",
            "label": "1933",
            "type": "TimeSpan"
        },
        "type": "EndOfExistence"
    },
    "type": "Actor"
}