{
    "@context": "https://linked.art/ns/v1/linked-art.json",
    "classified_as": [
        {
            "id": "aat:300025969",
            "label": "corporations",
            "type": "Type"
        }
    ],
    "exact_match": [
        "ulan:500309794"
    ],
    "id": "http://data.okeeffemuseum.org/person/1267",
    "identified_by": [
        {
            "classified_as": [
                {
                    "id": "aat:300404621",
                    "label": "repository numbers",
                    "type": "Type"
                }
            ],
            "id": "http://data.okeeffemuseum.org/person/1267/identifier/1/",
            "type": "Identifier",
            "value": "1267"
        },
        {
            "classified_as": [
                {
                    "id": "aat:300404670",
                    "label": "preferred terms",
                    "type": "Type"
                }
            ],
            "id": "http://data.okeeffemuseum.org/person/1267/name/0",
            "type": "Name",
            "value": "Glenbow Museum"
        },
        {
            "classified_as": [
                {
                    "id": "wd:Q43649390",
                    "label": "Wikidata Entity",
                    "type": "Type"
                }
            ],
            "id": "http://data.okeeffemuseum.org/person/1267/wikidata",
            "type": "Identifier",
            "value": "Q1530896"
        }
    ],
    "label": "Glenbow Museum",
    "member_of": [
        {
            "id": "http://data.okeeffemuseum.org/person/1267/occupation/",
            "label": "Art Museum",
            "type": "Group"
        }
    ],
    "participated_in": [
        {
            "classified_as": [
                {
                    "id": "aat:300263369",
                    "label": "occupations (livelihoods)",
                    "type": "Type"
                }
            ],
            "id": "http://data.okeeffemuseum.org/occupation/art-museum",
            "label": "Art Museum",
            "type": "Activity"
        }
    ],
    "referred_to_by": [
        {
            "classified_as": [
                {
                    "id": "aat:300080102",
                    "label": "biographies (literary works)",
                    "type": "Type"
                }
            ],
            "id": "http://data.okeeffemuseum.org/person/1267/description/",
            "label": "The Glenbow Museum is an art and history museum in the city of Calgary, Alberta, Canada. It was established by philanthropist Eric Lafferty Harvie. (Sourced from Wikipedia, August 2019)",
            "type": "LinguisticObject"
        }
    ],
    "subject_of": [
        {
            "classified_as": [
                {
                    "id": "wd:Q15138389",
                    "label": "Wikipedia Article",
                    "type": "Type"
                },
                {
                    "id": "aat:300264578",
                    "label": "Web pages (documents)",
                    "type": "Type"
                }
            ],
            "id": "https://en.wikipedia.org/wiki/Glenbow_Museum",
            "type": "LinguisticObject"
        }
    ],
    "type": "Actor"
}