{
    "@context": "https://linked.art/ns/v1/linked-art.json",
    "brought_into_existence_by": {
        "id": "http://data.okeeffemuseum.org/person/1324/birthevent/",
        "timespan": {
            "begin_of_the_begin": "1925-01-01T00:00:00",
            "end_of_the_end": "1925-01-01T00:00:00",
            "id": "http://data.okeeffemuseum.org/person/1324/birthevent/timespan/",
            "label": "1925",
            "type": "TimeSpan"
        },
        "type": "BeginningOfExistence"
    },
    "classified_as": [
        {
            "id": "aat:300025969",
            "label": "corporations",
            "type": "Type"
        }
    ],
    "exact_match": [
        "http://id.loc.gov/authorities/names/nr97030913"
    ],
    "id": "http://data.okeeffemuseum.org/person/1324",
    "identified_by": [
        {
            "classified_as": [
                {
                    "id": "aat:300404670",
                    "label": "preferred terms",
                    "type": "Type"
                }
            ],
            "id": "http://data.okeeffemuseum.org/person/1324/name/0",
            "type": "Name",
            "value": "Intimate Gallery"
        },
        {
            "classified_as": [
                {
                    "id": "aat:300404621",
                    "label": "repository numbers",
                    "type": "Type"
                }
            ],
            "id": "http://data.okeeffemuseum.org/person/1324/identifier/1/",
            "type": "Identifier",
            "value": "1324"
        }
    ],
    "label": "Intimate Gallery",
    "member_of": [
        {
            "id": "http://data.okeeffemuseum.org/person/1324/nationality/",
            "label": "American",
            "type": "Group"
        },
        {
            "id": "http://data.okeeffemuseum.org/person/1324/occupation/",
            "label": "Gallery",
            "type": "Group"
        }
    ],
    "participated_in": [
        {
            "classified_as": [
                {
                    "id": "aat:300263369",
                    "label": "occupations (livelihoods)",
                    "type": "Type"
                }
            ],
            "id": "http://data.okeeffemuseum.org/occupation/gallery",
            "label": "Gallery",
            "type": "Activity"
        }
    ],
    "taken_out_of_existence_by": {
        "id": "http://data.okeeffemuseum.org/person/1324/deathevent/",
        "timespan": {
            "begin_of_the_begin": "1929-01-01T00:00:00",
            "end_of_the_end": "1929-01-01T00:00:00",
            "id": "http://data.okeeffemuseum.org/person/1324/deathevent/timespan/",
            "label": "1929",
            "type": "TimeSpan"
        },
        "type": "EndOfExistence"
    },
    "type": "Actor"
}