{
    "@context": "https://linked.art/ns/v1/linked-art.json",
    "classified_as": [
        {
            "id": "aat:300024979",
            "label": "people (agents)",
            "type": "Type"
        }
    ],
    "id": "http://data.okeeffemuseum.org/person/1379",
    "identified_by": [
        {
            "classified_as": [
                {
                    "id": "aat:300404670",
                    "label": "preferred terms",
                    "type": "Type"
                }
            ],
            "id": "http://data.okeeffemuseum.org/person/1379/name/0",
            "type": "Name",
            "value": "Milton Johnson"
        },
        {
            "classified_as": [
                {
                    "id": "aat:300404621",
                    "label": "repository numbers",
                    "type": "Type"
                }
            ],
            "id": "http://data.okeeffemuseum.org/person/1379/identifier/1/",
            "type": "Identifier",
            "value": "1379"
        }
    ],
    "label": "Milton Johnson",
    "member_of": [
        {
            "id": "http://data.okeeffemuseum.org/person/1379/occupation/",
            "label": "Manufacturer",
            "type": "Group"
        }
    ],
    "participated_in": [
        {
            "classified_as": [
                {
                    "id": "aat:300138082",
                    "label": "techniques (processes)"
                }
            ],
            "id": "aat:300251917",
            "label": [
                "makers",
                "Maker"
            ],
            "type": "Activity"
        },
        {
            "classified_as": [
                {
                    "id": "aat:300263369",
                    "label": "occupations (livelihoods)",
                    "type": "Type"
                }
            ],
            "id": "http://data.okeeffemuseum.org/occupation/manufacturer",
            "label": "Manufacturer",
            "type": "Activity"
        }
    ],
    "type": "Actor"
}