{
    "@context": "https://linked.art/ns/v1/linked-art.json",
    "brought_into_existence_by": {
        "id": "http://data.okeeffemuseum.org/person/1387/birthevent/",
        "timespan": {
            "begin_of_the_begin": "1896-01-21T00:00:00",
            "end_of_the_end": "1896-01-21T00:00:00",
            "id": "http://data.okeeffemuseum.org/person/1387/birthevent/timespan/",
            "label": "Jan 21 1896",
            "type": "TimeSpan"
        },
        "type": "BeginningOfExistence"
    },
    "classified_as": [
        {
            "id": "aat:300024979",
            "label": "people (agents)",
            "type": "Type"
        }
    ],
    "exact_match": [
        "ulan:500069825"
    ],
    "id": "http://data.okeeffemuseum.org/person/1387",
    "identified_by": [
        {
            "classified_as": [
                {
                    "id": "aat:300404670",
                    "label": "preferred terms",
                    "type": "Type"
                }
            ],
            "id": "http://data.okeeffemuseum.org/person/1387/name/0",
            "type": "Name",
            "value": "Cristobal Balenciaga"
        },
        {
            "classified_as": [
                {
                    "id": "wd:Q43649390",
                    "label": "Wikidata Entity",
                    "type": "Type"
                }
            ],
            "id": "http://data.okeeffemuseum.org/person/1387/wikidata",
            "type": "Identifier",
            "value": "Q381088"
        },
        {
            "classified_as": [
                {
                    "id": "aat:300404621",
                    "label": "repository numbers",
                    "type": "Type"
                }
            ],
            "id": "http://data.okeeffemuseum.org/person/1387/identifier/1/",
            "type": "Identifier",
            "value": "1387"
        }
    ],
    "label": "Cristobal Balenciaga",
    "member_of": [
        {
            "id": "http://data.okeeffemuseum.org/person/1387/occupation/",
            "label": "Designer",
            "type": "Group"
        },
        {
            "id": "http://data.okeeffemuseum.org/actor/1387/gender/",
            "label": "Male",
            "type": "Group"
        },
        {
            "id": "http://data.okeeffemuseum.org/person/1387/nationality/",
            "label": "Spanish",
            "type": "Group"
        }
    ],
    "participated_in": [
        {
            "classified_as": [
                {
                    "id": "aat:300263369",
                    "label": "occupations (livelihoods)",
                    "type": "Type"
                }
            ],
            "id": "http://data.okeeffemuseum.org/occupation/designer",
            "label": "Designer",
            "type": "Activity"
        },
        {
            "classified_as": [
                {
                    "id": "aat:300138082",
                    "label": "techniques (processes)"
                }
            ],
            "id": "http://id.loc.gov/vocabulary/relators/dsr",
            "label": "Designer",
            "type": "Activity"
        }
    ],
    "referred_to_by": [
        {
            "classified_as": [
                {
                    "id": "aat:300080102",
                    "label": "biographies (literary works)",
                    "type": "Type"
                }
            ],
            "id": "http://data.okeeffemuseum.org/person/1387/description/",
            "label": "Crist\u00f3bal Balenciaga Eizaguirre (pronounced [k\u027eis\u02c8to\u03b2al \u03b2alen\u02c8\u03b8ja\u0263a ej\u03b8a\u02c8\u0263ire]; January 21, 1895 \u2013 March 23, 1972) was a Spanish Basque fashion designer and the founder of the Balenciaga fashion house.  He had a reputation as a couturier of uncompromising standards and was referred to as \"the master of us all\" by Christian Dior and as \"the only couturier in the truest sense of the word\" by Coco Chanel, who continued, \"The others are simply fashion designers\". He continues to be revered as the supreme deity of the European salons. On the day of his death, in 1972, Women's Wear Daily ran the headline \"The king is dead\" (no one in the fashion world had any doubt as to whom it referred). ^Since 2011 the purpose built Museo Balenciaga has exhibited examples of his work in his birth town Getaria. Many of the 1,200 pieces in the collection were supplied by his pupil Hubert de Givenchy and clients such as Grace Kelly. (Sourced from Wikipedia, August 2019)",
            "type": "LinguisticObject"
        }
    ],
    "subject_of": [
        {
            "classified_as": [
                {
                    "id": "wd:Q15138389",
                    "label": "Wikipedia Article",
                    "type": "Type"
                },
                {
                    "id": "aat:300264578",
                    "label": "Web pages (documents)",
                    "type": "Type"
                }
            ],
            "id": "https://en.wikipedia.org/wiki/Crist%C3%B3bal_Balenciaga",
            "type": "LinguisticObject"
        }
    ],
    "taken_out_of_existence_by": {
        "id": "http://data.okeeffemuseum.org/person/1387/deathevent/",
        "timespan": {
            "begin_of_the_begin": "1972-03-23T00:00:00",
            "end_of_the_end": "1972-03-23T00:00:00",
            "id": "http://data.okeeffemuseum.org/person/1387/deathevent/timespan/",
            "label": "Mar 23 1972",
            "type": "TimeSpan"
        },
        "type": "EndOfExistence"
    },
    "type": "Actor"
}