{
    "@context": "https://linked.art/ns/v1/linked-art.json",
    "brought_into_existence_by": {
        "id": "http://data.okeeffemuseum.org/person/1411/birthevent/",
        "timespan": {
            "begin_of_the_begin": "1882-08-19T00:00:00",
            "end_of_the_end": "1882-08-19T00:00:00",
            "id": "http://data.okeeffemuseum.org/person/1411/birthevent/timespan/",
            "label": "Aug 19 1882",
            "type": "TimeSpan"
        },
        "type": "BeginningOfExistence"
    },
    "classified_as": [
        {
            "id": "aat:300024979",
            "label": "people (agents)",
            "type": "Type"
        }
    ],
    "exact_match": [
        "ulan:500003261"
    ],
    "id": "http://data.okeeffemuseum.org/person/1411",
    "identified_by": [
        {
            "classified_as": [
                {
                    "id": "wd:Q43649390",
                    "label": "Wikidata Entity",
                    "type": "Type"
                }
            ],
            "id": "http://data.okeeffemuseum.org/person/1411/wikidata",
            "type": "Identifier",
            "value": "Q167132"
        },
        {
            "classified_as": [
                {
                    "id": "aat:300404670",
                    "label": "preferred terms",
                    "type": "Type"
                }
            ],
            "id": "http://data.okeeffemuseum.org/person/1411/name/0",
            "type": "Name",
            "value": "George Wesley Bellows"
        },
        {
            "classified_as": [
                {
                    "id": "aat:300404621",
                    "label": "repository numbers",
                    "type": "Type"
                }
            ],
            "id": "http://data.okeeffemuseum.org/person/1411/identifier/1/",
            "type": "Identifier",
            "value": "1411"
        }
    ],
    "label": "George Wesley Bellows",
    "member_of": [
        {
            "id": "http://data.okeeffemuseum.org/person/1411/occupation/",
            "label": "Artist",
            "type": "Group"
        },
        {
            "id": "http://data.okeeffemuseum.org/person/1411/nationality/",
            "label": "American",
            "type": "Group"
        }
    ],
    "participated_in": [
        {
            "classified_as": [
                {
                    "id": "aat:300263369",
                    "label": "occupations (livelihoods)",
                    "type": "Type"
                }
            ],
            "id": "http://data.okeeffemuseum.org/occupation/artist",
            "label": "Artist",
            "type": "Activity"
        }
    ],
    "referred_to_by": [
        {
            "classified_as": [
                {
                    "id": "aat:300080102",
                    "label": "biographies (literary works)",
                    "type": "Type"
                }
            ],
            "id": "http://data.okeeffemuseum.org/person/1411/description/",
            "label": "George Wesley Bellows (August 12 or August 19, 1882 \u2013 January 8, 1925) was an American realist painter, known for his bold depictions of urban life in New York City. He became, according to the Columbus Museum of Art, \"the most acclaimed American artist of his generation\". (Sourced from Wikipedia, August 2019)",
            "type": "LinguisticObject"
        }
    ],
    "subject_of": [
        {
            "classified_as": [
                {
                    "id": "aat:300264578",
                    "label": "Web pages (documents)",
                    "type": "Type"
                },
                {
                    "id": "wd:Q15138389",
                    "label": "Wikipedia Article",
                    "type": "Type"
                }
            ],
            "id": "https://en.wikipedia.org/wiki/George_Bellows",
            "type": "LinguisticObject"
        }
    ],
    "taken_out_of_existence_by": {
        "id": "http://data.okeeffemuseum.org/person/1411/deathevent/",
        "timespan": {
            "begin_of_the_begin": "1925-01-08T00:00:00",
            "end_of_the_end": "1925-01-08T00:00:00",
            "id": "http://data.okeeffemuseum.org/person/1411/deathevent/timespan/",
            "label": "Jan 08 1925",
            "type": "TimeSpan"
        },
        "type": "EndOfExistence"
    },
    "type": "Actor"
}