{
    "@context": "https://linked.art/ns/v1/linked-art.json",
    "classified_as": [
        {
            "id": "aat:300025969",
            "label": "corporations",
            "type": "Type"
        }
    ],
    "exact_match": [
        "ulan:500238093"
    ],
    "id": "http://data.okeeffemuseum.org/person/1415",
    "identified_by": [
        {
            "classified_as": [
                {
                    "id": "aat:300404670",
                    "label": "preferred terms",
                    "type": "Type"
                }
            ],
            "id": "http://data.okeeffemuseum.org/person/1415/name/0",
            "type": "Name",
            "value": "Louisiana Museum of Modern Art"
        },
        {
            "classified_as": [
                {
                    "id": "aat:300404621",
                    "label": "repository numbers",
                    "type": "Type"
                }
            ],
            "id": "http://data.okeeffemuseum.org/person/1415/identifier/1/",
            "type": "Identifier",
            "value": "1415"
        }
    ],
    "label": "Louisiana Museum of Modern Art",
    "member_of": [
        {
            "id": "http://data.okeeffemuseum.org/person/1415/occupation/",
            "label": "Art Museum",
            "type": "Group"
        },
        {
            "id": "http://data.okeeffemuseum.org/person/1415/nationality/",
            "label": "Danish",
            "type": "Group"
        }
    ],
    "participated_in": [
        {
            "classified_as": [
                {
                    "id": "aat:300263369",
                    "label": "occupations (livelihoods)",
                    "type": "Type"
                }
            ],
            "id": "http://data.okeeffemuseum.org/occupation/art-museum",
            "label": "Art Museum",
            "type": "Activity"
        }
    ],
    "type": "Actor"
}