{
    "@context": "https://linked.art/ns/v1/linked-art.json",
    "brought_into_existence_by": {
        "id": "http://data.okeeffemuseum.org/person/1419/birthevent/",
        "timespan": {
            "begin_of_the_begin": "1980-01-01T00:00:00",
            "end_of_the_end": "1980-01-01T00:00:00",
            "id": "http://data.okeeffemuseum.org/person/1419/birthevent/timespan/",
            "label": "1980",
            "type": "TimeSpan"
        },
        "type": "BeginningOfExistence"
    },
    "classified_as": [
        {
            "id": "aat:300025969",
            "label": "corporations",
            "type": "Type"
        }
    ],
    "exact_match": [
        "ulan:500300177"
    ],
    "id": "http://data.okeeffemuseum.org/person/1419",
    "identified_by": [
        {
            "classified_as": [
                {
                    "id": "aat:300404670",
                    "label": "preferred terms",
                    "type": "Type"
                }
            ],
            "id": "http://data.okeeffemuseum.org/person/1419/name/0",
            "type": "Name",
            "value": "Terra Museum of American Art"
        },
        {
            "classified_as": [
                {
                    "id": "wd:Q43649390",
                    "label": "Wikidata Entity",
                    "type": "Type"
                }
            ],
            "id": "http://data.okeeffemuseum.org/person/1419/wikidata",
            "type": "Identifier",
            "value": "Q7703108"
        },
        {
            "classified_as": [
                {
                    "id": "aat:300404621",
                    "label": "repository numbers",
                    "type": "Type"
                }
            ],
            "id": "http://data.okeeffemuseum.org/person/1419/identifier/1/",
            "type": "Identifier",
            "value": "1419"
        }
    ],
    "label": "Terra Museum of American Art",
    "member_of": [
        {
            "id": "http://data.okeeffemuseum.org/person/1419/occupation/",
            "label": "Art Museum",
            "type": "Group"
        },
        {
            "id": "http://data.okeeffemuseum.org/person/1419/nationality/",
            "label": "American",
            "type": "Group"
        }
    ],
    "participated_in": [
        {
            "classified_as": [
                {
                    "id": "aat:300263369",
                    "label": "occupations (livelihoods)",
                    "type": "Type"
                }
            ],
            "id": "http://data.okeeffemuseum.org/occupation/art-museum",
            "label": "Art Museum",
            "type": "Activity"
        }
    ],
    "referred_to_by": [
        {
            "classified_as": [
                {
                    "id": "aat:300080102",
                    "label": "biographies (literary works)",
                    "type": "Type"
                }
            ],
            "id": "http://data.okeeffemuseum.org/person/1419/description/",
            "label": "The Terra Museum of American Art was an art museum founded by Chicago businessman Daniel J. Terra in Evanston, Illinois in 1980. The museum was relocated to Chicago, Illinois in 1987. During its tenure, the museum presented more than 200 exhibitions on American art and provided related programs and events for children, teachers, families, general adult audiences, and scholars. The museum closed on October 31, 2004 after 24 years of operation. (Sourced from Wikipedia, August 2019)",
            "type": "LinguisticObject"
        }
    ],
    "subject_of": [
        {
            "classified_as": [
                {
                    "id": "aat:300264578",
                    "label": "Web pages (documents)",
                    "type": "Type"
                },
                {
                    "id": "wd:Q15138389",
                    "label": "Wikipedia Article",
                    "type": "Type"
                }
            ],
            "id": "https://en.wikipedia.org/wiki/Terra_Museum",
            "type": "LinguisticObject"
        }
    ],
    "taken_out_of_existence_by": {
        "id": "http://data.okeeffemuseum.org/person/1419/deathevent/",
        "timespan": {
            "begin_of_the_begin": "2004-10-31T00:00:00",
            "end_of_the_end": "2004-10-31T00:00:00",
            "id": "http://data.okeeffemuseum.org/person/1419/deathevent/timespan/",
            "label": "Oct 31 2004",
            "type": "TimeSpan"
        },
        "type": "EndOfExistence"
    },
    "type": "Actor"
}