{
    "@context": "https://linked.art/ns/v1/linked-art.json",
    "brought_into_existence_by": {
        "id": "http://data.okeeffemuseum.org/person/1457/birthevent/",
        "timespan": {
            "begin_of_the_begin": "1890-01-01T00:00:00",
            "end_of_the_end": "1890-01-01T00:00:00",
            "id": "http://data.okeeffemuseum.org/person/1457/birthevent/timespan/",
            "label": "1890",
            "type": "TimeSpan"
        },
        "type": "BeginningOfExistence"
    },
    "classified_as": [
        {
            "id": "aat:300025969",
            "label": "corporations",
            "type": "Type"
        }
    ],
    "exact_match": [
        "http://id.loc.gov/authorities/names/n86077208"
    ],
    "id": "http://data.okeeffemuseum.org/person/1457",
    "identified_by": [
        {
            "classified_as": [
                {
                    "id": "aat:300404670",
                    "label": "preferred terms",
                    "type": "Type"
                }
            ],
            "id": "http://data.okeeffemuseum.org/person/1457/name/0",
            "type": "Name",
            "value": "New York Water Color Club"
        },
        {
            "classified_as": [
                {
                    "id": "wd:Q43649390",
                    "label": "Wikidata Entity",
                    "type": "Type"
                }
            ],
            "id": "http://data.okeeffemuseum.org/person/1457/wikidata",
            "type": "Identifier",
            "value": "Q17841477"
        },
        {
            "classified_as": [
                {
                    "id": "aat:300404621",
                    "label": "repository numbers",
                    "type": "Type"
                }
            ],
            "id": "http://data.okeeffemuseum.org/person/1457/identifier/1/",
            "type": "Identifier",
            "value": "1457"
        }
    ],
    "label": "New York Water Color Club",
    "member_of": [
        {
            "id": "http://data.okeeffemuseum.org/person/1457/nationality/",
            "label": "American",
            "type": "Group"
        },
        {
            "id": "http://data.okeeffemuseum.org/person/1457/occupation/",
            "label": "Arts Patron",
            "type": "Group"
        }
    ],
    "participated_in": [
        {
            "classified_as": [
                {
                    "id": "aat:300263369",
                    "label": "occupations (livelihoods)",
                    "type": "Type"
                }
            ],
            "id": "http://data.okeeffemuseum.org/occupation/arts-patron",
            "label": "Arts Patron",
            "type": "Activity"
        }
    ],
    "referred_to_by": [
        {
            "classified_as": [
                {
                    "id": "aat:300080102",
                    "label": "biographies (literary works)",
                    "type": "Type"
                }
            ],
            "id": "http://data.okeeffemuseum.org/person/1457/description/",
            "label": "The American Watercolor Society, founded in 1866, is a nonprofit membership organization devoted to the advancement of watercolor painting in the United States. ^Watercolor technique requires discipline, forethought, and planning of the composition, as the paintings can not be revised if mistakes occur (as one could with oil technique, for instance). AWS judges the work of a painter before granting admission to the society as an \"active\" (now \"signature\") member. Such membership in the society now is considered an indication of the painter having established a consistent style and to have demonstrated considerable skill in the medium. Transparency in the works of water color painters is highly valued. That is a technique wherein the paper surface is allowed to show through the applied paint as an integral aspect of the painting. The applicant usually must demonstrate a history of winning prizes in juried art shows with professional standing to gain admission. This type of membership in the society, generally, is signalled by \"AWS\" following the painter's name in promotional materials and biographies. Membership by others is indicated as an \"associate\" status. ^Catherine Tharp Altvater (1907\u20131984) was the first woman to hold office in the society. In 2008 Jim McFarlane took over presidency from Janet Walsh. (Sourced from Wikipedia, August 2019)",
            "type": "LinguisticObject"
        }
    ],
    "subject_of": [
        {
            "classified_as": [
                {
                    "id": "wd:Q15138389",
                    "label": "Wikipedia Article",
                    "type": "Type"
                },
                {
                    "id": "aat:300264578",
                    "label": "Web pages (documents)",
                    "type": "Type"
                }
            ],
            "id": "https://en.wikipedia.org/wiki/New_York_Watercolor_Club",
            "type": "LinguisticObject"
        }
    ],
    "type": "Actor"
}