{
    "@context": "https://linked.art/ns/v1/linked-art.json",
    "brought_into_existence_by": {
        "id": "http://data.okeeffemuseum.org/person/1464/birthevent/",
        "timespan": {
            "begin_of_the_begin": "1902-01-01T00:00:00",
            "end_of_the_end": "1902-01-01T00:00:00",
            "id": "http://data.okeeffemuseum.org/person/1464/birthevent/timespan/",
            "label": "1902",
            "type": "TimeSpan"
        },
        "type": "BeginningOfExistence"
    },
    "classified_as": [
        {
            "id": "aat:300025969",
            "label": "corporations",
            "type": "Type"
        }
    ],
    "exact_match": [
        "http://id.loc.gov/authorities/names/nr97035834"
    ],
    "id": "http://data.okeeffemuseum.org/person/1464",
    "identified_by": [
        {
            "classified_as": [
                {
                    "id": "aat:300404670",
                    "label": "preferred terms",
                    "type": "Type"
                }
            ],
            "id": "http://data.okeeffemuseum.org/person/1464/name/0",
            "type": "Name",
            "value": "Young Women's Hebrew Association"
        },
        {
            "classified_as": [
                {
                    "id": "aat:300404621",
                    "label": "repository numbers",
                    "type": "Type"
                }
            ],
            "id": "http://data.okeeffemuseum.org/person/1464/identifier/1/",
            "type": "Identifier",
            "value": "1464"
        }
    ],
    "label": "Young Women's Hebrew Association",
    "type": "Actor"
}