{
    "@context": "https://linked.art/ns/v1/linked-art.json",
    "classified_as": [
        {
            "id": "aat:300025969",
            "label": "corporations",
            "type": "Type"
        }
    ],
    "id": "http://data.okeeffemuseum.org/person/1472",
    "identified_by": [
        {
            "classified_as": [
                {
                    "id": "aat:300404670",
                    "label": "preferred terms",
                    "type": "Type"
                }
            ],
            "id": "http://data.okeeffemuseum.org/person/1472/name/0",
            "type": "Name",
            "value": "Opportunity Gallery"
        },
        {
            "classified_as": [
                {
                    "id": "aat:300404621",
                    "label": "repository numbers",
                    "type": "Type"
                }
            ],
            "id": "http://data.okeeffemuseum.org/person/1472/identifier/1/",
            "type": "Identifier",
            "value": "1472"
        }
    ],
    "label": "Opportunity Gallery",
    "member_of": [
        {
            "id": "http://data.okeeffemuseum.org/person/1472/occupation/",
            "label": "Gallery",
            "type": "Group"
        },
        {
            "id": "http://data.okeeffemuseum.org/person/1472/nationality/",
            "label": "American",
            "type": "Group"
        }
    ],
    "participated_in": [
        {
            "classified_as": [
                {
                    "id": "aat:300263369",
                    "label": "occupations (livelihoods)",
                    "type": "Type"
                }
            ],
            "id": "http://data.okeeffemuseum.org/occupation/gallery",
            "label": "Gallery",
            "type": "Activity"
        }
    ],
    "type": "Actor"
}