{
    "@context": "https://linked.art/ns/v1/linked-art.json",
    "brought_into_existence_by": {
        "id": "http://data.okeeffemuseum.org/person/1476/birthevent/",
        "timespan": {
            "begin_of_the_begin": "1925-01-01T00:00:00",
            "end_of_the_end": "1925-01-01T00:00:00",
            "id": "http://data.okeeffemuseum.org/person/1476/birthevent/timespan/",
            "label": "1925",
            "type": "TimeSpan"
        },
        "type": "BeginningOfExistence"
    },
    "classified_as": [
        {
            "id": "aat:300025969",
            "label": "corporations",
            "type": "Type"
        }
    ],
    "exact_match": [
        "ulan:500303698"
    ],
    "id": "http://data.okeeffemuseum.org/person/1476",
    "identified_by": [
        {
            "classified_as": [
                {
                    "id": "aat:300404621",
                    "label": "repository numbers",
                    "type": "Type"
                }
            ],
            "id": "http://data.okeeffemuseum.org/person/1476/identifier/1/",
            "type": "Identifier",
            "value": "1476"
        },
        {
            "classified_as": [
                {
                    "id": "aat:300404670",
                    "label": "preferred terms",
                    "type": "Type"
                }
            ],
            "id": "http://data.okeeffemuseum.org/person/1476/name/0",
            "type": "Name",
            "value": "An American Place"
        }
    ],
    "label": "An American Place",
    "member_of": [
        {
            "id": "http://data.okeeffemuseum.org/person/1476/nationality/",
            "label": "American",
            "type": "Group"
        },
        {
            "id": "http://data.okeeffemuseum.org/person/1476/occupation/",
            "label": "Gallery",
            "type": "Group"
        }
    ],
    "participated_in": [
        {
            "classified_as": [
                {
                    "id": "aat:300138082",
                    "label": "techniques (processes)"
                }
            ],
            "id": "http://id.loc.gov/vocabulary/relators/dpc",
            "label": "Depicted",
            "type": "Activity"
        },
        {
            "classified_as": [
                {
                    "id": "aat:300138082",
                    "label": "techniques (processes)"
                }
            ],
            "id": "http://id.loc.gov/vocabulary/relators/pbl",
            "label": "Publisher",
            "type": "Activity"
        },
        {
            "classified_as": [
                {
                    "id": "aat:300263369",
                    "label": "occupations (livelihoods)",
                    "type": "Type"
                }
            ],
            "id": "http://data.okeeffemuseum.org/occupation/gallery",
            "label": "Gallery",
            "type": "Activity"
        }
    ],
    "taken_out_of_existence_by": {
        "id": "http://data.okeeffemuseum.org/person/1476/deathevent/",
        "timespan": {
            "begin_of_the_begin": "1937-01-01T00:00:00",
            "end_of_the_end": "1937-01-01T00:00:00",
            "id": "http://data.okeeffemuseum.org/person/1476/deathevent/timespan/",
            "label": "1937",
            "type": "TimeSpan"
        },
        "type": "EndOfExistence"
    },
    "type": "Actor"
}