{
    "@context": "https://linked.art/ns/v1/linked-art.json",
    "brought_into_existence_by": {
        "id": "http://data.okeeffemuseum.org/person/1482/birthevent/",
        "timespan": {
            "begin_of_the_begin": "1900-01-01T00:00:00",
            "end_of_the_end": "1900-01-01T00:00:00",
            "id": "http://data.okeeffemuseum.org/person/1482/birthevent/timespan/",
            "label": "1900",
            "type": "TimeSpan"
        },
        "type": "BeginningOfExistence"
    },
    "classified_as": [
        {
            "id": "aat:300025969",
            "label": "corporations",
            "type": "Type"
        }
    ],
    "exact_match": [
        "http://id.loc.gov/authorities/names/n79032240",
        "ulan:500301494"
    ],
    "id": "http://data.okeeffemuseum.org/person/1482",
    "identified_by": [
        {
            "classified_as": [
                {
                    "id": "aat:former",
                    "label": "former",
                    "type": "Type"
                }
            ],
            "id": "http://data.okeeffemuseum.org/person/1482/name/3",
            "type": "Name",
            "value": "Sheldon Memorial Art Gallery"
        },
        {
            "classified_as": [
                {
                    "id": "aat:300404621",
                    "label": "repository numbers",
                    "type": "Type"
                }
            ],
            "id": "http://data.okeeffemuseum.org/person/1482/identifier/1/",
            "type": "Identifier",
            "value": "1482"
        },
        {
            "classified_as": [
                {
                    "id": "aat:300404670",
                    "label": "preferred terms",
                    "type": "Type"
                }
            ],
            "id": "http://data.okeeffemuseum.org/person/1482/name/0",
            "type": "Name",
            "value": "University of Nebraska ( Lincoln campus)"
        },
        {
            "id": "http://data.okeeffemuseum.org/person/1482/name/2",
            "type": "Name",
            "value": "Sheldon Museum of Art"
        },
        {
            "id": "http://data.okeeffemuseum.org/person/1482/name/1",
            "type": "Name",
            "value": "University of Nebraska Art Galleries"
        }
    ],
    "label": "University of Nebraska ( Lincoln campus)",
    "member_of": [
        {
            "id": "http://data.okeeffemuseum.org/person/1482/occupation/",
            "label": "Art Museum",
            "type": "Group"
        }
    ],
    "participated_in": [
        {
            "classified_as": [
                {
                    "id": "aat:300263369",
                    "label": "occupations (livelihoods)",
                    "type": "Type"
                }
            ],
            "id": "http://data.okeeffemuseum.org/occupation/art-museum",
            "label": "Art Museum",
            "type": "Activity"
        }
    ],
    "type": "Actor"
}