{
    "@context": "https://linked.art/ns/v1/linked-art.json",
    "brought_into_existence_by": {
        "id": "http://data.okeeffemuseum.org/person/1488/birthevent/",
        "timespan": {
            "begin_of_the_begin": "1863-01-01T00:00:00",
            "end_of_the_end": "1863-01-01T00:00:00",
            "id": "http://data.okeeffemuseum.org/person/1488/birthevent/timespan/",
            "label": "1863",
            "type": "TimeSpan"
        },
        "type": "BeginningOfExistence"
    },
    "classified_as": [
        {
            "id": "aat:300025969",
            "label": "corporations",
            "type": "Type"
        }
    ],
    "exact_match": [
        "http://id.loc.gov/authorities/names/n79055312"
    ],
    "id": "http://data.okeeffemuseum.org/person/1488",
    "identified_by": [
        {
            "classified_as": [
                {
                    "id": "aat:former",
                    "label": "former",
                    "type": "Type"
                }
            ],
            "id": "http://data.okeeffemuseum.org/person/1488/name/1",
            "type": "Name",
            "value": "Kansas State Teacher's College"
        },
        {
            "classified_as": [
                {
                    "id": "wd:Q43649390",
                    "label": "Wikidata Entity",
                    "type": "Type"
                }
            ],
            "id": "http://data.okeeffemuseum.org/person/1488/wikidata",
            "type": "Identifier",
            "value": "Q1339396"
        },
        {
            "classified_as": [
                {
                    "id": "aat:300404621",
                    "label": "repository numbers",
                    "type": "Type"
                }
            ],
            "id": "http://data.okeeffemuseum.org/person/1488/identifier/1/",
            "type": "Identifier",
            "value": "1488"
        },
        {
            "classified_as": [
                {
                    "id": "aat:300404670",
                    "label": "preferred terms",
                    "type": "Type"
                }
            ],
            "id": "http://data.okeeffemuseum.org/person/1488/name/0",
            "type": "Name",
            "value": "Emporia State University"
        }
    ],
    "label": "Emporia State University",
    "member_of": [
        {
            "id": "http://data.okeeffemuseum.org/person/1488/occupation/",
            "label": "Arts Patron",
            "type": "Group"
        },
        {
            "id": "http://data.okeeffemuseum.org/person/1488/nationality/",
            "label": "American",
            "type": "Group"
        }
    ],
    "participated_in": [
        {
            "classified_as": [
                {
                    "id": "aat:300263369",
                    "label": "occupations (livelihoods)",
                    "type": "Type"
                }
            ],
            "id": "http://data.okeeffemuseum.org/occupation/arts-patron",
            "label": "Arts Patron",
            "type": "Activity"
        }
    ],
    "referred_to_by": [
        {
            "classified_as": [
                {
                    "id": "aat:300080102",
                    "label": "biographies (literary works)",
                    "type": "Type"
                }
            ],
            "id": "http://data.okeeffemuseum.org/person/1488/description/",
            "label": "Emporia State University, often referred to as Emporia State or ESU, is a public university in Emporia, Kansas. Established in March 1863 as the Kansas State Normal School, Emporia State is the third-oldest public university in the state of Kansas. Emporia State is one of six public universities governed by the Kansas Board of Regents.The university offers degrees in more than 80 courses of study through four colleges and/or schools: the School of Business, College of Liberal Arts and Sciences, School of Library and Information Management, and The Teachers College. ^Emporia State's intercollegiate athletic teams are known as the Hornets, with the exception of the women's teams, which are known as the Lady Hornets. Emporia State competes in NCAA Division II and has been a member of the Mid-America Intercollegiate Athletics Association (MIAA) since 1991. Since joining the NCAA Division II in 1991, the Lady Hornets basketball team is the only team to win a NCAA championship. (Sourced from Wikipedia, August 2019)",
            "type": "LinguisticObject"
        }
    ],
    "subject_of": [
        {
            "classified_as": [
                {
                    "id": "wd:Q15138389",
                    "label": "Wikipedia Article",
                    "type": "Type"
                },
                {
                    "id": "aat:300264578",
                    "label": "Web pages (documents)",
                    "type": "Type"
                }
            ],
            "id": "https://en.wikipedia.org/wiki/Emporia_State_University",
            "type": "LinguisticObject"
        }
    ],
    "type": "Actor"
}