{
    "@context": "https://linked.art/ns/v1/linked-art.json",
    "classified_as": [
        {
            "id": "aat:300025969",
            "label": "corporations",
            "type": "Type"
        }
    ],
    "exact_match": [
        "ulan:500260427"
    ],
    "id": "http://data.okeeffemuseum.org/person/1496",
    "identified_by": [
        {
            "classified_as": [
                {
                    "id": "wd:Q43649390",
                    "label": "Wikidata Entity",
                    "type": "Type"
                }
            ],
            "id": "http://data.okeeffemuseum.org/person/1496/wikidata",
            "type": "Identifier",
            "value": "Q1043967"
        },
        {
            "classified_as": [
                {
                    "id": "aat:former",
                    "label": "former",
                    "type": "Type"
                }
            ],
            "id": "http://data.okeeffemuseum.org/person/1496/name/0",
            "type": "Name",
            "value": "Carnegie Institute"
        },
        {
            "classified_as": [
                {
                    "id": "aat:300404670",
                    "label": "preferred terms",
                    "type": "Type"
                }
            ],
            "id": "http://data.okeeffemuseum.org/person/1496/name/1",
            "type": "Name",
            "value": "Carnegie Museums of Pittsburgh"
        },
        {
            "classified_as": [
                {
                    "id": "aat:300404621",
                    "label": "repository numbers",
                    "type": "Type"
                }
            ],
            "id": "http://data.okeeffemuseum.org/person/1496/identifier/1/",
            "type": "Identifier",
            "value": "1496"
        }
    ],
    "label": "Carnegie Institute",
    "member_of": [
        {
            "id": "http://data.okeeffemuseum.org/person/1496/nationality/",
            "label": "American",
            "type": "Group"
        },
        {
            "id": "http://data.okeeffemuseum.org/person/1496/occupation/",
            "label": "Art Museum",
            "type": "Group"
        }
    ],
    "participated_in": [
        {
            "classified_as": [
                {
                    "id": "aat:300263369",
                    "label": "occupations (livelihoods)",
                    "type": "Type"
                }
            ],
            "id": "http://data.okeeffemuseum.org/occupation/art-museum",
            "label": "Art Museum",
            "type": "Activity"
        }
    ],
    "referred_to_by": [
        {
            "classified_as": [
                {
                    "id": "aat:300080102",
                    "label": "biographies (literary works)",
                    "type": "Type"
                }
            ],
            "id": "http://data.okeeffemuseum.org/person/1496/description/",
            "label": "The Carnegie Museum of Art, abbreviated CMOA, is an art museum founded in 1895 by the Pittsburgh-based industrialist Andrew Carnegie. It is located in the Oakland neighborhood of Pittsburgh, Pennsylvania. The museum holds a distinguished collection of contemporary art, including film and video works. The museum was the first museum in the United States with a strong focus on contemporary art. As instructed by its founder Andrew Carnegie at the inception of the Carnegie International in 1896, the museum has been organizing many contemporary exhibitions that showcase the \"Old Masters of tomorrow\". Today, it's one of the most dynamic major art institutions in the country. (Sourced from Wikipedia, August 2019)",
            "type": "LinguisticObject"
        }
    ],
    "subject_of": [
        {
            "classified_as": [
                {
                    "id": "aat:300264578",
                    "label": "Web pages (documents)",
                    "type": "Type"
                },
                {
                    "id": "wd:Q15138389",
                    "label": "Wikipedia Article",
                    "type": "Type"
                }
            ],
            "id": "https://en.wikipedia.org/wiki/Carnegie_Museum_of_Art",
            "type": "LinguisticObject"
        }
    ],
    "type": "Actor"
}