{
    "@context": "https://linked.art/ns/v1/linked-art.json",
    "brought_into_existence_by": {
        "id": "http://data.okeeffemuseum.org/person/1516/birthevent/",
        "timespan": {
            "begin_of_the_begin": "1791-01-01T00:00:00",
            "end_of_the_end": "1791-01-01T00:00:00",
            "id": "http://data.okeeffemuseum.org/person/1516/birthevent/timespan/",
            "label": "1791",
            "type": "TimeSpan"
        },
        "type": "BeginningOfExistence"
    },
    "classified_as": [
        {
            "id": "aat:300025969",
            "label": "corporations",
            "type": "Type"
        }
    ],
    "exact_match": [
        "http://id.loc.gov/authorities/names/n80080455"
    ],
    "id": "http://data.okeeffemuseum.org/person/1516",
    "identified_by": [
        {
            "classified_as": [
                {
                    "id": "aat:300404670",
                    "label": "preferred terms",
                    "type": "Type"
                }
            ],
            "id": "http://data.okeeffemuseum.org/person/1516/name/0",
            "type": "Name",
            "value": "Albany Institute of History & Art"
        },
        {
            "classified_as": [
                {
                    "id": "wd:Q43649390",
                    "label": "Wikidata Entity",
                    "type": "Type"
                }
            ],
            "id": "http://data.okeeffemuseum.org/person/1516/wikidata",
            "type": "Identifier",
            "value": "Q4709330"
        },
        {
            "classified_as": [
                {
                    "id": "aat:300404621",
                    "label": "repository numbers",
                    "type": "Type"
                }
            ],
            "id": "http://data.okeeffemuseum.org/person/1516/identifier/1/",
            "type": "Identifier",
            "value": "1516"
        }
    ],
    "label": "Albany Institute of History & Art",
    "member_of": [
        {
            "id": "http://data.okeeffemuseum.org/person/1516/occupation/",
            "label": "Art Museum",
            "type": "Group"
        },
        {
            "id": "http://data.okeeffemuseum.org/person/1516/nationality/",
            "label": "American",
            "type": "Group"
        }
    ],
    "participated_in": [
        {
            "classified_as": [
                {
                    "id": "aat:300263369",
                    "label": "occupations (livelihoods)",
                    "type": "Type"
                }
            ],
            "id": "http://data.okeeffemuseum.org/occupation/art-museum",
            "label": "Art Museum",
            "type": "Activity"
        }
    ],
    "referred_to_by": [
        {
            "classified_as": [
                {
                    "id": "aat:300080102",
                    "label": "biographies (literary works)",
                    "type": "Type"
                }
            ],
            "id": "http://data.okeeffemuseum.org/person/1516/description/",
            "label": "The Albany Institute of History & Art (AIHA) is a museum in Albany, New York, United States, \"dedicated to collecting, preserving, interpreting and promoting interest in the history, art, and culture of Albany and the Upper Hudson Valley region\". It is located on Washington Avenue (New York State Route 5) in downtown Albany. Founded in 1791, it is among the oldest museums in the United States.Several other institutions have merged over time to become today's Albany Institute. The earliest were learned societies devoted to the natural sciences, and for a time it was the state legislature's informal advisory body on agriculture. Robert R. Livingston was the first president. Joseph Henry delivered his first paper on electromagnetism to the Institute. Its collections of animal, vegetable and mineral specimens from state surveys eventually became the foundations of the New York State Museum. Later in the century it became more focused on the humanities, and eventually merged with the Albany Historical and Art Society. It has had its present name since 1926. Over the course of the 20th century it has become more firmly established as a regional art museum. ^The institute's three-building complex includes the late 19th-century Rice Building, the only freestanding Beaux-Arts mansion in the city, designed by Richard Morris Hunt and donated to the institute by one of its former benefactors. Its main building is a 1920s Classical Revival structure designed by local architect Marcus T. Reynolds. A more modern glass structure connects the two. The original two buildings were listed on the National Register of Historic Places in 1976. At the beginning of the 21st century, the institute completed an extensive renovation in which the entrance building was constructed and new climate-controlled storage space for the collections was built. (Sourced from Wikipedia, August 2019)",
            "type": "LinguisticObject"
        }
    ],
    "subject_of": [
        {
            "classified_as": [
                {
                    "id": "aat:300264578",
                    "label": "Web pages (documents)",
                    "type": "Type"
                },
                {
                    "id": "wd:Q15138389",
                    "label": "Wikipedia Article",
                    "type": "Type"
                }
            ],
            "id": "https://en.wikipedia.org/wiki/Albany_Institute_of_History_%26_Art",
            "type": "LinguisticObject"
        }
    ],
    "type": "Actor"
}