{
    "@context": "https://linked.art/ns/v1/linked-art.json",
    "brought_into_existence_by": {
        "id": "http://data.okeeffemuseum.org/person/1807/birthevent/",
        "timespan": {
            "begin_of_the_begin": "1915-01-01T00:00:00",
            "end_of_the_end": "1915-01-01T00:00:00",
            "id": "http://data.okeeffemuseum.org/person/1807/birthevent/timespan/",
            "label": "1915",
            "type": "TimeSpan"
        },
        "type": "BeginningOfExistence"
    },
    "classified_as": [
        {
            "id": "aat:300025969",
            "label": "corporations",
            "type": "Type"
        }
    ],
    "exact_match": [
        "http://id.loc.gov/authorities/names/n50062227"
    ],
    "id": "http://data.okeeffemuseum.org/person/1807",
    "identified_by": [
        {
            "classified_as": [
                {
                    "id": "aat:300404670",
                    "label": "preferred terms",
                    "type": "Type"
                }
            ],
            "id": "http://data.okeeffemuseum.org/person/1807/name/0",
            "type": "Name",
            "value": "Alfred A. Knopf"
        },
        {
            "classified_as": [
                {
                    "id": "aat:300404621",
                    "label": "repository numbers",
                    "type": "Type"
                }
            ],
            "id": "http://data.okeeffemuseum.org/person/1807/identifier/1/",
            "type": "Identifier",
            "value": "1807"
        },
        {
            "classified_as": [
                {
                    "id": "wd:Q43649390",
                    "label": "Wikidata Entity",
                    "type": "Type"
                }
            ],
            "id": "http://data.okeeffemuseum.org/person/1807/wikidata",
            "type": "Identifier",
            "value": "Q1431868"
        }
    ],
    "label": "Alfred A. Knopf",
    "member_of": [
        {
            "id": "http://data.okeeffemuseum.org/person/1807/occupation/",
            "label": "Publisher",
            "type": "Group"
        }
    ],
    "participated_in": [
        {
            "classified_as": [
                {
                    "id": "aat:300138082",
                    "label": "techniques (processes)"
                }
            ],
            "id": "http://id.loc.gov/vocabulary/relators/pbl",
            "label": "Publisher",
            "type": "Activity"
        },
        {
            "classified_as": [
                {
                    "id": "aat:300263369",
                    "label": "occupations (livelihoods)",
                    "type": "Type"
                }
            ],
            "id": "http://data.okeeffemuseum.org/occupation/publisher",
            "label": "Publisher",
            "type": "Activity"
        }
    ],
    "referred_to_by": [
        {
            "classified_as": [
                {
                    "id": "aat:300080102",
                    "label": "biographies (literary works)",
                    "type": "Type"
                }
            ],
            "id": "http://data.okeeffemuseum.org/person/1807/description/",
            "label": "Alfred A. Knopf, Inc. (/kn\u0252pf/) is a New York publishing house that was founded by Alfred A. Knopf Sr. and Blanche Knopf in 1915.[1] Blanche and Alfred traveled abroad regularly and were known for publishing European, Asian, and Latin American writers in addition to leading American literary trends. It was acquired by Random House in 1960, which was later acquired by Bertelsmann in 1998, and is now part of the Knopf Doubleday Publishing Group. The Knopf publishing house is associated with its borzoi colophon, which was designed by co-founder Blanche Knopf in 1925. (Sourced from Wikipedia August 2019)",
            "type": "LinguisticObject"
        }
    ],
    "subject_of": [
        {
            "classified_as": [
                {
                    "id": "aat:300264578",
                    "label": "Web pages (documents)",
                    "type": "Type"
                },
                {
                    "id": "wd:Q15138389",
                    "label": "Wikipedia Article",
                    "type": "Type"
                }
            ],
            "id": "https://en.wikipedia.org/wiki/Alfred_A._Knopf",
            "type": "LinguisticObject"
        }
    ],
    "type": "Actor"
}