{
    "@context": "https://linked.art/ns/v1/linked-art.json",
    "classified_as": [
        {
            "id": "aat:300025969",
            "label": "corporations",
            "type": "Type"
        }
    ],
    "id": "http://data.okeeffemuseum.org/person/310",
    "identified_by": [
        {
            "classified_as": [
                {
                    "id": "aat:300404621",
                    "label": "repository numbers",
                    "type": "Type"
                }
            ],
            "id": "http://data.okeeffemuseum.org/person/310/identifier/1/",
            "type": "Identifier",
            "value": "310"
        },
        {
            "classified_as": [
                {
                    "id": "aat:300404670",
                    "label": "preferred terms",
                    "type": "Type"
                }
            ],
            "id": "http://data.okeeffemuseum.org/person/310/name/0",
            "type": "Name",
            "value": "Newman"
        }
    ],
    "label": "Newman",
    "member_of": [
        {
            "id": "http://data.okeeffemuseum.org/person/310/occupation/",
            "label": "Manufacturer",
            "type": "Group"
        },
        {
            "id": "http://data.okeeffemuseum.org/person/310/nationality/",
            "label": "English",
            "type": "Group"
        }
    ],
    "participated_in": [
        {
            "classified_as": [
                {
                    "id": "aat:300138082",
                    "label": "techniques (processes)"
                }
            ],
            "id": "http://id.loc.gov/vocabulary/relators/mfr",
            "label": "Manufacturer",
            "type": "Activity"
        },
        {
            "classified_as": [
                {
                    "id": "aat:300263369",
                    "label": "occupations (livelihoods)",
                    "type": "Type"
                }
            ],
            "id": "http://data.okeeffemuseum.org/occupation/manufacturer",
            "label": "Manufacturer",
            "type": "Activity"
        }
    ],
    "type": "Actor"
}