{
    "@context": "https://linked.art/ns/v1/linked-art.json",
    "brought_into_existence_by": {
        "id": "http://data.okeeffemuseum.org/person/337/birthevent/",
        "timespan": {
            "begin_of_the_begin": "1933-01-01T00:00:00",
            "end_of_the_end": "1933-01-01T00:00:00",
            "id": "http://data.okeeffemuseum.org/person/337/birthevent/timespan/",
            "label": "1933",
            "type": "TimeSpan"
        },
        "type": "BeginningOfExistence"
    },
    "classified_as": [
        {
            "id": "aat:300025969",
            "label": "corporations",
            "type": "Type"
        }
    ],
    "exact_match": [
        "ulan:500309158"
    ],
    "id": "http://data.okeeffemuseum.org/person/337",
    "identified_by": [
        {
            "classified_as": [
                {
                    "id": "aat:former",
                    "label": "former",
                    "type": "Type"
                }
            ],
            "id": "http://data.okeeffemuseum.org/person/337/name/2",
            "type": "Name",
            "value": "Massachusetts"
        },
        {
            "classified_as": [
                {
                    "id": "aat:former",
                    "label": "former",
                    "type": "Type"
                }
            ],
            "id": "http://data.okeeffemuseum.org/person/337/name/0",
            "type": "Name",
            "value": "Museum of Fine Arts"
        },
        {
            "id": "http://data.okeeffemuseum.org/person/337/name/3",
            "type": "Name",
            "value": "Michele and Donald D'Amour Museum of Fine Arts"
        },
        {
            "id": "http://data.okeeffemuseum.org/person/337/name/1",
            "type": "Name",
            "value": "Springfield"
        },
        {
            "classified_as": [
                {
                    "id": "wd:Q43649390",
                    "label": "Wikidata Entity",
                    "type": "Type"
                }
            ],
            "id": "http://data.okeeffemuseum.org/person/337/wikidata",
            "type": "Identifier",
            "value": "Q7758868"
        },
        {
            "classified_as": [
                {
                    "id": "aat:300404621",
                    "label": "repository numbers",
                    "type": "Type"
                }
            ],
            "id": "http://data.okeeffemuseum.org/person/337/identifier/1/",
            "type": "Identifier",
            "value": "337"
        },
        {
            "classified_as": [
                {
                    "id": "aat:300404670",
                    "label": "preferred terms",
                    "type": "Type"
                }
            ],
            "id": "http://data.okeeffemuseum.org/person/337/name/4",
            "type": "Name",
            "value": "Springfield Museums"
        }
    ],
    "label": "Museum of Fine Arts",
    "member_of": [
        {
            "id": "http://data.okeeffemuseum.org/person/337/nationality/",
            "label": "American",
            "type": "Group"
        },
        {
            "id": "http://data.okeeffemuseum.org/person/337/occupation/",
            "label": "Art Museum",
            "type": "Group"
        }
    ],
    "participated_in": [
        {
            "classified_as": [
                {
                    "id": "aat:300263369",
                    "label": "occupations (livelihoods)",
                    "type": "Type"
                }
            ],
            "id": "http://data.okeeffemuseum.org/occupation/art-museum",
            "label": "Art Museum",
            "type": "Activity"
        }
    ],
    "referred_to_by": [
        {
            "classified_as": [
                {
                    "id": "aat:300080102",
                    "label": "biographies (literary works)",
                    "type": "Type"
                }
            ],
            "id": "http://data.okeeffemuseum.org/person/337/description/",
            "label": "The Quadrangle is the common name for a cluster of museums and cultural institutions in Metro Center, Springfield, Massachusetts, on Chestnut Street between State and Edwards Streets. ^The Dr. Seuss National Memorial Sculpture Garden, in the center of the Quadrangle, is surrounded by a park, a library, five museums, and a cathedral. A second cathedral is just on the Quadrangle's periphery. (Sourced from Wikipedia, August 2019)",
            "type": "LinguisticObject"
        }
    ],
    "subject_of": [
        {
            "classified_as": [
                {
                    "id": "wd:Q15138389",
                    "label": "Wikipedia Article",
                    "type": "Type"
                },
                {
                    "id": "aat:300264578",
                    "label": "Web pages (documents)",
                    "type": "Type"
                }
            ],
            "id": "https://en.wikipedia.org/wiki/Quadrangle_(Springfield%2C_Massachusetts)",
            "type": "LinguisticObject"
        }
    ],
    "type": "Actor"
}