{
    "@context": "https://linked.art/ns/v1/linked-art.json",
    "brought_into_existence_by": {
        "id": "http://data.okeeffemuseum.org/person/355/birthevent/",
        "timespan": {
            "begin_of_the_begin": "1961-01-01T00:00:00",
            "end_of_the_end": "1961-01-01T00:00:00",
            "id": "http://data.okeeffemuseum.org/person/355/birthevent/timespan/",
            "label": "1961",
            "type": "TimeSpan"
        },
        "type": "BeginningOfExistence"
    },
    "classified_as": [
        {
            "id": "aat:300025969",
            "label": "corporations",
            "type": "Type"
        }
    ],
    "exact_match": [
        "http://id.loc.gov/authorities/names/n78097042"
    ],
    "id": "http://data.okeeffemuseum.org/person/355",
    "identified_by": [
        {
            "classified_as": [
                {
                    "id": "aat:acronym",
                    "label": "acronym",
                    "type": "Type"
                }
            ],
            "id": "http://data.okeeffemuseum.org/person/355/name/1",
            "type": "Name",
            "value": "LACMA"
        },
        {
            "classified_as": [
                {
                    "id": "aat:300404621",
                    "label": "repository numbers",
                    "type": "Type"
                }
            ],
            "id": "http://data.okeeffemuseum.org/person/355/identifier/1/",
            "type": "Identifier",
            "value": "355"
        },
        {
            "classified_as": [
                {
                    "id": "aat:300404670",
                    "label": "preferred terms",
                    "type": "Type"
                }
            ],
            "id": "http://data.okeeffemuseum.org/person/355/name/0",
            "type": "Name",
            "value": "Los Angeles County Museum of Art"
        }
    ],
    "label": "Los Angeles County Museum of Art",
    "member_of": [
        {
            "id": "http://data.okeeffemuseum.org/person/355/occupation/",
            "label": "Art Museum",
            "type": "Group"
        }
    ],
    "participated_in": [
        {
            "classified_as": [
                {
                    "id": "aat:300263369",
                    "label": "occupations (livelihoods)",
                    "type": "Type"
                }
            ],
            "id": "http://data.okeeffemuseum.org/occupation/art-museum",
            "label": "Art Museum",
            "type": "Activity"
        }
    ],
    "type": "Actor"
}