{
    "@context": "https://linked.art/ns/v1/linked-art.json",
    "brought_into_existence_by": {
        "id": "http://data.okeeffemuseum.org/person/370/birthevent/",
        "timespan": {
            "begin_of_the_begin": "1877-01-01T00:00:00",
            "end_of_the_end": "1877-01-01T00:00:00",
            "id": "http://data.okeeffemuseum.org/person/370/birthevent/timespan/",
            "label": "1877",
            "type": "TimeSpan"
        },
        "type": "BeginningOfExistence"
    },
    "classified_as": [
        {
            "id": "aat:300024979",
            "label": "people (agents)",
            "type": "Type"
        }
    ],
    "exact_match": [
        "ulan:500012910"
    ],
    "id": "http://data.okeeffemuseum.org/person/370",
    "identified_by": [
        {
            "classified_as": [
                {
                    "id": "wd:Q43649390",
                    "label": "Wikidata Entity",
                    "type": "Type"
                }
            ],
            "id": "http://data.okeeffemuseum.org/person/370/wikidata",
            "type": "Identifier",
            "value": "Q553259"
        },
        {
            "classified_as": [
                {
                    "id": "aat:300404670",
                    "label": "preferred terms",
                    "type": "Type"
                }
            ],
            "id": "http://data.okeeffemuseum.org/person/370/name/0",
            "type": "Name",
            "value": "Marsden Hartley"
        },
        {
            "classified_as": [
                {
                    "id": "aat:300404621",
                    "label": "repository numbers",
                    "type": "Type"
                }
            ],
            "id": "http://data.okeeffemuseum.org/person/370/identifier/1/",
            "type": "Identifier",
            "value": "370"
        }
    ],
    "label": "Marsden Hartley",
    "member_of": [
        {
            "id": "http://data.okeeffemuseum.org/person/370/occupation/",
            "label": "Artist",
            "type": "Group"
        }
    ],
    "participated_in": [
        {
            "classified_as": [
                {
                    "id": "aat:300263369",
                    "label": "occupations (livelihoods)",
                    "type": "Type"
                }
            ],
            "id": "http://data.okeeffemuseum.org/occupation/artist",
            "label": "Artist",
            "type": "Activity"
        },
        {
            "classified_as": [
                {
                    "id": "aat:300138082",
                    "label": "techniques (processes)"
                }
            ],
            "id": "http://id.loc.gov/vocabulary/relators/art",
            "label": "Artist",
            "type": "Activity"
        }
    ],
    "referred_to_by": [
        {
            "classified_as": [
                {
                    "id": "aat:300080102",
                    "label": "biographies (literary works)",
                    "type": "Type"
                }
            ],
            "id": "http://data.okeeffemuseum.org/person/370/description/",
            "label": "Marsden Hartley (January 4, 1877 \u2013 September 2, 1943) was an American Modernist painter, poet, and essayist. Hartley developed his painting abilities by observing Cubists in Paris and Berlin. (Sourced from Wikipedia, August 2019)",
            "type": "LinguisticObject"
        }
    ],
    "subject_of": [
        {
            "classified_as": [
                {
                    "id": "wd:Q15138389",
                    "label": "Wikipedia Article",
                    "type": "Type"
                },
                {
                    "id": "aat:300264578",
                    "label": "Web pages (documents)",
                    "type": "Type"
                }
            ],
            "id": "https://en.wikipedia.org/wiki/Marsden_Hartley",
            "type": "LinguisticObject"
        }
    ],
    "taken_out_of_existence_by": {
        "id": "http://data.okeeffemuseum.org/person/370/deathevent/",
        "timespan": {
            "begin_of_the_begin": "1943-01-01T00:00:00",
            "end_of_the_end": "1943-01-01T00:00:00",
            "id": "http://data.okeeffemuseum.org/person/370/deathevent/timespan/",
            "label": "1943",
            "type": "TimeSpan"
        },
        "type": "EndOfExistence"
    },
    "type": "Actor"
}