{
    "@context": "https://linked.art/ns/v1/linked-art.json",
    "brought_into_existence_by": {
        "id": "http://data.okeeffemuseum.org/person/380/birthevent/",
        "timespan": {
            "begin_of_the_begin": "1880-01-01T00:00:00",
            "end_of_the_end": "1880-01-01T00:00:00",
            "id": "http://data.okeeffemuseum.org/person/380/birthevent/timespan/",
            "label": "1880",
            "type": "TimeSpan"
        },
        "type": "BeginningOfExistence"
    },
    "classified_as": [
        {
            "id": "aat:300025969",
            "label": "corporations",
            "type": "Type"
        }
    ],
    "exact_match": [
        "ulan:500284805"
    ],
    "id": "http://data.okeeffemuseum.org/person/380",
    "identified_by": [
        {
            "id": "http://data.okeeffemuseum.org/person/380/name/1",
            "type": "Name",
            "value": "The Contemporary Arts Center"
        },
        {
            "classified_as": [
                {
                    "id": "aat:300404621",
                    "label": "repository numbers",
                    "type": "Type"
                }
            ],
            "id": "http://data.okeeffemuseum.org/person/380/identifier/1/",
            "type": "Identifier",
            "value": "380"
        },
        {
            "classified_as": [
                {
                    "id": "wd:Q43649390",
                    "label": "Wikidata Entity",
                    "type": "Type"
                }
            ],
            "id": "http://data.okeeffemuseum.org/person/380/wikidata",
            "type": "Identifier",
            "value": "Q2970522"
        },
        {
            "classified_as": [
                {
                    "id": "aat:300404670",
                    "label": "preferred terms",
                    "type": "Type"
                }
            ],
            "id": "http://data.okeeffemuseum.org/person/380/name/0",
            "type": "Name",
            "value": "Cincinnati Art Museum"
        }
    ],
    "label": "Cincinnati Art Museum",
    "member_of": [
        {
            "id": "http://data.okeeffemuseum.org/person/380/nationality/",
            "label": "American",
            "type": "Group"
        },
        {
            "id": "http://data.okeeffemuseum.org/person/380/occupation/",
            "label": "Art Museum",
            "type": "Group"
        }
    ],
    "participated_in": [
        {
            "classified_as": [
                {
                    "id": "aat:300263369",
                    "label": "occupations (livelihoods)",
                    "type": "Type"
                }
            ],
            "id": "http://data.okeeffemuseum.org/occupation/art-museum",
            "label": "Art Museum",
            "type": "Activity"
        }
    ],
    "referred_to_by": [
        {
            "classified_as": [
                {
                    "id": "aat:300080102",
                    "label": "biographies (literary works)",
                    "type": "Type"
                }
            ],
            "id": "http://data.okeeffemuseum.org/person/380/description/",
            "label": "The Cincinnati Art Museum is an art museum in the Eden Park neighborhood of Cincinnati, Ohio. It is one of the oldest art museums in the United States. Founded in 1881, it was the first purpose-built art museum west of the Alleghenies. Its collection of over 100,000 works spanning 6,000 years of human history make it one of the most comprehensive collections in the Midwest. ^Museum founders debated locating the museum in either Burnet Woods, Eden Park, or downtown Cincinnati on Washington Park. Charles West, the major donor of the early museum, cast his votes in favor of Eden Park sealing its final location. The Romanesque-revival building designed by Cincinnati architect James W. McLaughlin opened in 1886. A series of additions and renovations have considerably altered the building over its 133-year history. ^In 2003, a major addition, The Cincinnati Wing was added to house a permanent exhibit of art created for Cincinnati or by Cincinnati artists since 1788.  The Cincinnati Wing includes fifteen new galleries covering 18,000 square feet (1,700 m2) of well-appointed space, and 400 objects. The Odoardo Fantacchiotti angels are two of the largest pieces in the collection. Fantacchiotti created these angels for the main altar of St. Peter in Chains Cathedral in the late 1840s. They were among the first European sculptures to come to Cincinnati.  The Cincinnati Wing also contains the work of Frank Duveneck, Rookwood Pottery, Robert Scott Duncanson Mitchell and Rammelsberg (Cincinnati's premier 19th-century furniture manufacturer) and a tall case clock by Luman Watson. (Sourced from Wikipedia, August 2019)",
            "type": "LinguisticObject"
        }
    ],
    "subject_of": [
        {
            "classified_as": [
                {
                    "id": "aat:300264578",
                    "label": "Web pages (documents)",
                    "type": "Type"
                },
                {
                    "id": "wd:Q15138389",
                    "label": "Wikipedia Article",
                    "type": "Type"
                }
            ],
            "id": "https://en.wikipedia.org/wiki/Cincinnati_Art_Museum",
            "type": "LinguisticObject"
        }
    ],
    "type": "Actor"
}