{
    "@context": "https://linked.art/ns/v1/linked-art.json",
    "brought_into_existence_by": {
        "id": "http://data.okeeffemuseum.org/person/461/birthevent/",
        "timespan": {
            "begin_of_the_begin": "1912-01-01T00:00:00",
            "end_of_the_end": "1912-01-01T00:00:00",
            "id": "http://data.okeeffemuseum.org/person/461/birthevent/timespan/",
            "label": "1912",
            "type": "TimeSpan"
        },
        "type": "BeginningOfExistence"
    },
    "classified_as": [
        {
            "id": "aat:300025969",
            "label": "corporations",
            "type": "Type"
        }
    ],
    "exact_match": [
        "http://id.loc.gov/authorities/names/nr95047412"
    ],
    "id": "http://data.okeeffemuseum.org/person/461",
    "identified_by": [
        {
            "classified_as": [
                {
                    "id": "aat:300404670",
                    "label": "preferred terms",
                    "type": "Type"
                }
            ],
            "id": "http://data.okeeffemuseum.org/person/461/name/0",
            "type": "Name",
            "value": "Bentley & Simon Inc."
        },
        {
            "classified_as": [
                {
                    "id": "aat:300404621",
                    "label": "repository numbers",
                    "type": "Type"
                }
            ],
            "id": "http://data.okeeffemuseum.org/person/461/identifier/1/",
            "type": "Identifier",
            "value": "461"
        }
    ],
    "label": "Bentley & Simon Inc.",
    "member_of": [
        {
            "id": "http://data.okeeffemuseum.org/person/461/occupation/",
            "label": "Designer",
            "type": "Group"
        },
        {
            "id": "http://data.okeeffemuseum.org/person/461/nationality/",
            "label": "American",
            "type": "Group"
        }
    ],
    "participated_in": [
        {
            "classified_as": [
                {
                    "id": "aat:300263369",
                    "label": "occupations (livelihoods)",
                    "type": "Type"
                }
            ],
            "id": "http://data.okeeffemuseum.org/occupation/designer",
            "label": "Designer",
            "type": "Activity"
        },
        {
            "classified_as": [
                {
                    "id": "aat:300138082",
                    "label": "techniques (processes)"
                }
            ],
            "id": "http://id.loc.gov/vocabulary/relators/mfr",
            "label": "Manufacturer",
            "type": "Activity"
        }
    ],
    "type": "Actor"
}