{
    "@context": "https://linked.art/ns/v1/linked-art.json",
    "brought_into_existence_by": {
        "id": "http://data.okeeffemuseum.org/person/535/birthevent/",
        "timespan": {
            "begin_of_the_begin": "1895-01-01T00:00:00",
            "end_of_the_end": "1895-01-01T00:00:00",
            "id": "http://data.okeeffemuseum.org/person/535/birthevent/timespan/",
            "label": "1895",
            "type": "TimeSpan"
        },
        "type": "BeginningOfExistence"
    },
    "classified_as": [
        {
            "id": "aat:300024979",
            "label": "people (agents)",
            "type": "Type"
        }
    ],
    "exact_match": [
        "http://id.loc.gov/authorities/names/n94018359"
    ],
    "id": "http://data.okeeffemuseum.org/person/535",
    "identified_by": [
        {
            "classified_as": [
                {
                    "id": "aat:300404670",
                    "label": "preferred terms",
                    "type": "Type"
                }
            ],
            "id": "http://data.okeeffemuseum.org/person/535/name/0",
            "type": "Name",
            "value": "Rose Covarrubias"
        },
        {
            "classified_as": [
                {
                    "id": "aat:300404621",
                    "label": "repository numbers",
                    "type": "Type"
                }
            ],
            "id": "http://data.okeeffemuseum.org/person/535/identifier/1/",
            "type": "Identifier",
            "value": "535"
        },
        {
            "classified_as": [
                {
                    "id": "wd:Q43649390",
                    "label": "Wikidata Entity",
                    "type": "Type"
                }
            ],
            "id": "http://data.okeeffemuseum.org/person/535/wikidata",
            "type": "Identifier",
            "value": "Q23008902"
        }
    ],
    "label": "Rose Covarrubias",
    "member_of": [
        {
            "id": "http://data.okeeffemuseum.org/actor/535/gender/",
            "label": "Female",
            "type": "Group"
        },
        {
            "id": "http://data.okeeffemuseum.org/person/535/occupation/",
            "label": "Photographer",
            "type": "Group"
        }
    ],
    "participated_in": [
        {
            "classified_as": [
                {
                    "id": "aat:300138082",
                    "label": "techniques (processes)"
                }
            ],
            "id": "http://id.loc.gov/vocabulary/relators/crp",
            "label": "Correspondent",
            "type": "Activity"
        },
        {
            "classified_as": [
                {
                    "id": "aat:300263369",
                    "label": "occupations (livelihoods)",
                    "type": "Type"
                }
            ],
            "id": "http://data.okeeffemuseum.org/occupation/photographer",
            "label": "Photographer",
            "type": "Activity"
        }
    ],
    "referred_to_by": [
        {
            "classified_as": [
                {
                    "id": "aat:300080102",
                    "label": "biographies (literary works)",
                    "type": "Type"
                }
            ],
            "id": "http://data.okeeffemuseum.org/person/535/description/",
            "label": "Rosa Rolanda (Rosemonde Cowan; Rose Rolando; Mrs. Miguel Covarrubias; September 6, 1895 \u2013 March 25, 1970) was an American multidisciplinary artist, dancer, and choreographer. (Sourced from Wikipedia, August 2019)",
            "type": "LinguisticObject"
        }
    ],
    "subject_of": [
        {
            "classified_as": [
                {
                    "id": "aat:300264578",
                    "label": "Web pages (documents)",
                    "type": "Type"
                },
                {
                    "id": "wd:Q15138389",
                    "label": "Wikipedia Article",
                    "type": "Type"
                }
            ],
            "id": "https://en.wikipedia.org/wiki/Rosa_Rolanda",
            "type": "LinguisticObject"
        }
    ],
    "taken_out_of_existence_by": {
        "id": "http://data.okeeffemuseum.org/person/535/deathevent/",
        "timespan": {
            "begin_of_the_begin": "1970-01-01T00:00:00",
            "end_of_the_end": "1970-01-01T00:00:00",
            "id": "http://data.okeeffemuseum.org/person/535/deathevent/timespan/",
            "label": "1970",
            "type": "TimeSpan"
        },
        "type": "EndOfExistence"
    },
    "type": "Actor"
}