{
    "@context": "https://linked.art/ns/v1/linked-art.json",
    "brought_into_existence_by": {
        "id": "http://data.okeeffemuseum.org/person/538/birthevent/",
        "timespan": {
            "begin_of_the_begin": "1919-01-08T00:00:00",
            "end_of_the_end": "1919-01-08T00:00:00",
            "id": "http://data.okeeffemuseum.org/person/538/birthevent/timespan/",
            "label": "Jan 08 1919",
            "type": "TimeSpan"
        },
        "type": "BeginningOfExistence"
    },
    "classified_as": [
        {
            "id": "aat:300024979",
            "label": "people (agents)",
            "type": "Type"
        }
    ],
    "exact_match": [
        "http://id.loc.gov/authorities/names/n88652978"
    ],
    "id": "http://data.okeeffemuseum.org/person/538",
    "identified_by": [
        {
            "classified_as": [
                {
                    "id": "aat:300404670",
                    "label": "preferred terms",
                    "type": "Type"
                }
            ],
            "id": "http://data.okeeffemuseum.org/person/538/name/0",
            "type": "Name",
            "value": "Mildred Tolbert"
        },
        {
            "classified_as": [
                {
                    "id": "aat:300404621",
                    "label": "repository numbers",
                    "type": "Type"
                }
            ],
            "id": "http://data.okeeffemuseum.org/person/538/identifier/1/",
            "type": "Identifier",
            "value": "538"
        }
    ],
    "label": "Mildred Tolbert",
    "member_of": [
        {
            "id": "http://data.okeeffemuseum.org/actor/538/gender/",
            "label": "Female",
            "type": "Group"
        },
        {
            "id": "http://data.okeeffemuseum.org/person/538/occupation/",
            "label": "Artist",
            "type": "Group"
        },
        {
            "id": "http://data.okeeffemuseum.org/person/538/nationality/",
            "label": "American",
            "type": "Group"
        }
    ],
    "participated_in": [
        {
            "classified_as": [
                {
                    "id": "aat:300138082",
                    "label": "techniques (processes)"
                }
            ],
            "id": "http://id.loc.gov/vocabulary/relators/pht",
            "label": "Photographer",
            "type": "Activity"
        },
        {
            "classified_as": [
                {
                    "id": "aat:300263369",
                    "label": "occupations (livelihoods)",
                    "type": "Type"
                }
            ],
            "id": "http://data.okeeffemuseum.org/occupation/artist",
            "label": "Artist",
            "type": "Activity"
        }
    ],
    "taken_out_of_existence_by": {
        "id": "http://data.okeeffemuseum.org/person/538/deathevent/",
        "timespan": {
            "begin_of_the_begin": "2008-01-22T00:00:00",
            "end_of_the_end": "2008-01-22T00:00:00",
            "id": "http://data.okeeffemuseum.org/person/538/deathevent/timespan/",
            "label": "Jan 22 2008",
            "type": "TimeSpan"
        },
        "type": "EndOfExistence"
    },
    "type": "Actor"
}