{
    "@context": "https://linked.art/ns/v1/linked-art.json",
    "brought_into_existence_by": {
        "id": "http://data.okeeffemuseum.org/person/641/birthevent/",
        "timespan": {
            "begin_of_the_begin": "1909-01-01T00:00:00",
            "end_of_the_end": "1909-01-01T00:00:00",
            "id": "http://data.okeeffemuseum.org/person/641/birthevent/timespan/",
            "label": "1909",
            "type": "TimeSpan"
        },
        "type": "BeginningOfExistence"
    },
    "classified_as": [
        {
            "id": "aat:300025969",
            "label": "corporations",
            "type": "Type"
        }
    ],
    "exact_match": [
        "http://id.loc.gov/authorities/names/n78006527"
    ],
    "id": "http://data.okeeffemuseum.org/person/641",
    "identified_by": [
        {
            "classified_as": [
                {
                    "id": "wd:Q43649390",
                    "label": "Wikidata Entity",
                    "type": "Type"
                }
            ],
            "id": "http://data.okeeffemuseum.org/person/641/wikidata",
            "type": "Identifier",
            "value": "Q6874510"
        },
        {
            "classified_as": [
                {
                    "id": "aat:300404670",
                    "label": "preferred terms",
                    "type": "Type"
                }
            ],
            "id": "http://data.okeeffemuseum.org/person/641/name/0",
            "type": "Name",
            "value": "Mirro Aluminum Company"
        },
        {
            "classified_as": [
                {
                    "id": "aat:300404621",
                    "label": "repository numbers",
                    "type": "Type"
                }
            ],
            "id": "http://data.okeeffemuseum.org/person/641/identifier/1/",
            "type": "Identifier",
            "value": "641"
        }
    ],
    "label": "Mirro Aluminum Company",
    "member_of": [
        {
            "id": "http://data.okeeffemuseum.org/person/641/occupation/",
            "label": "Manufacturer",
            "type": "Group"
        }
    ],
    "participated_in": [
        {
            "classified_as": [
                {
                    "id": "aat:300263369",
                    "label": "occupations (livelihoods)",
                    "type": "Type"
                }
            ],
            "id": "http://data.okeeffemuseum.org/occupation/manufacturer",
            "label": "Manufacturer",
            "type": "Activity"
        },
        {
            "classified_as": [
                {
                    "id": "aat:300138082",
                    "label": "techniques (processes)"
                }
            ],
            "id": "http://id.loc.gov/vocabulary/relators/mfr",
            "label": "Manufacturer",
            "type": "Activity"
        }
    ],
    "referred_to_by": [
        {
            "classified_as": [
                {
                    "id": "aat:300080102",
                    "label": "biographies (literary works)",
                    "type": "Type"
                }
            ],
            "id": "http://data.okeeffemuseum.org/person/641/description/",
            "label": "The Mirro Aluminum Company was an aluminum cookware company that existed in Manitowoc, Wisconsin, from 1909 to 2003.  It was colloquially referred to as simply Mirro. (Sourced from Wikipedia, August 2019)",
            "type": "LinguisticObject"
        }
    ],
    "subject_of": [
        {
            "classified_as": [
                {
                    "id": "wd:Q15138389",
                    "label": "Wikipedia Article",
                    "type": "Type"
                },
                {
                    "id": "aat:300264578",
                    "label": "Web pages (documents)",
                    "type": "Type"
                }
            ],
            "id": "https://en.wikipedia.org/wiki/Mirro_Aluminum_Company",
            "type": "LinguisticObject"
        }
    ],
    "taken_out_of_existence_by": {
        "id": "http://data.okeeffemuseum.org/person/641/deathevent/",
        "timespan": {
            "begin_of_the_begin": "2003-01-01T00:00:00",
            "end_of_the_end": "2003-01-01T00:00:00",
            "id": "http://data.okeeffemuseum.org/person/641/deathevent/timespan/",
            "label": "2003",
            "type": "TimeSpan"
        },
        "type": "EndOfExistence"
    },
    "type": "Actor"
}