{
    "@context": "https://linked.art/ns/v1/linked-art.json",
    "brought_into_existence_by": {
        "id": "http://data.okeeffemuseum.org/person/729/birthevent/",
        "timespan": {
            "begin_of_the_begin": "1950-03-23T00:00:00",
            "end_of_the_end": "1950-03-23T00:00:00",
            "id": "http://data.okeeffemuseum.org/person/729/birthevent/timespan/",
            "label": "Mar 23 1950",
            "type": "TimeSpan"
        },
        "type": "BeginningOfExistence"
    },
    "classified_as": [
        {
            "id": "aat:300025969",
            "label": "corporations",
            "type": "Type"
        }
    ],
    "exact_match": [
        "ulan:500300040"
    ],
    "id": "http://data.okeeffemuseum.org/person/729",
    "identified_by": [
        {
            "classified_as": [
                {
                    "id": "aat:300404670",
                    "label": "preferred terms",
                    "type": "Type"
                }
            ],
            "id": "http://data.okeeffemuseum.org/person/729/name/0",
            "type": "Name",
            "value": "Columbia Museum of Art"
        },
        {
            "classified_as": [
                {
                    "id": "aat:300404621",
                    "label": "repository numbers",
                    "type": "Type"
                }
            ],
            "id": "http://data.okeeffemuseum.org/person/729/identifier/1/",
            "type": "Identifier",
            "value": "729"
        },
        {
            "classified_as": [
                {
                    "id": "wd:Q43649390",
                    "label": "Wikidata Entity",
                    "type": "Type"
                }
            ],
            "id": "http://data.okeeffemuseum.org/person/729/wikidata",
            "type": "Identifier",
            "value": "Q2383136"
        }
    ],
    "label": "Columbia Museum of Art",
    "member_of": [
        {
            "id": "http://data.okeeffemuseum.org/person/729/nationality/",
            "label": "American",
            "type": "Group"
        },
        {
            "id": "http://data.okeeffemuseum.org/person/729/occupation/",
            "label": "Art Museum",
            "type": "Group"
        }
    ],
    "participated_in": [
        {
            "classified_as": [
                {
                    "id": "aat:300263369",
                    "label": "occupations (livelihoods)",
                    "type": "Type"
                }
            ],
            "id": "http://data.okeeffemuseum.org/occupation/art-museum",
            "label": "Art Museum",
            "type": "Activity"
        }
    ],
    "referred_to_by": [
        {
            "classified_as": [
                {
                    "id": "aat:300080102",
                    "label": "biographies (literary works)",
                    "type": "Type"
                }
            ],
            "id": "http://data.okeeffemuseum.org/person/729/description/",
            "label": "The Columbia Museum of Art is an art museum in the American city of Columbia, South Carolina. (Sourced from Wikipedia, August 2019)",
            "type": "LinguisticObject"
        }
    ],
    "subject_of": [
        {
            "classified_as": [
                {
                    "id": "wd:Q15138389",
                    "label": "Wikipedia Article",
                    "type": "Type"
                },
                {
                    "id": "aat:300264578",
                    "label": "Web pages (documents)",
                    "type": "Type"
                }
            ],
            "id": "https://en.wikipedia.org/wiki/Columbia_Museum_of_Art",
            "type": "LinguisticObject"
        }
    ],
    "type": "Actor"
}