{
    "@context": "https://linked.art/ns/v1/linked-art.json",
    "classified_as": [
        {
            "id": "aat:300025969",
            "label": "corporations",
            "type": "Type"
        }
    ],
    "id": "http://data.okeeffemuseum.org/person/756",
    "identified_by": [
        {
            "classified_as": [
                {
                    "id": "aat:300404670",
                    "label": "preferred terms",
                    "type": "Type"
                }
            ],
            "id": "http://data.okeeffemuseum.org/person/756/name/0",
            "type": "Name",
            "value": "OVENEX"
        },
        {
            "classified_as": [
                {
                    "id": "aat:300404621",
                    "label": "repository numbers",
                    "type": "Type"
                }
            ],
            "id": "http://data.okeeffemuseum.org/person/756/identifier/1/",
            "type": "Identifier",
            "value": "756"
        }
    ],
    "label": "OVENEX",
    "member_of": [
        {
            "id": "http://data.okeeffemuseum.org/person/756/occupation/",
            "label": "Clothing Brand",
            "type": "Group"
        }
    ],
    "participated_in": [
        {
            "classified_as": [
                {
                    "id": "aat:300138082",
                    "label": "techniques (processes)"
                }
            ],
            "id": "aat:300417219",
            "label": [
                "brand names",
                "Brand Name"
            ],
            "type": "Activity"
        },
        {
            "classified_as": [
                {
                    "id": "aat:300263369",
                    "label": "occupations (livelihoods)",
                    "type": "Type"
                }
            ],
            "id": "http://data.okeeffemuseum.org/occupation/clothing-brand",
            "label": "Clothing Brand",
            "type": "Activity"
        }
    ],
    "type": "Actor"
}