{
    "@context": "https://linked.art/ns/v1/linked-art.json",
    "brought_into_existence_by": {
        "id": "http://data.okeeffemuseum.org/person/815/birthevent/",
        "timespan": {
            "begin_of_the_begin": "1950-01-01T00:00:00",
            "end_of_the_end": "1950-01-01T00:00:00",
            "id": "http://data.okeeffemuseum.org/person/815/birthevent/timespan/",
            "label": "1950",
            "type": "TimeSpan"
        },
        "type": "BeginningOfExistence"
    },
    "classified_as": [
        {
            "id": "aat:300024979",
            "label": "people (agents)",
            "type": "Type"
        }
    ],
    "exact_match": [
        "ulan:500127191"
    ],
    "id": "http://data.okeeffemuseum.org/person/815",
    "identified_by": [
        {
            "classified_as": [
                {
                    "id": "wd:Q43649390",
                    "label": "Wikidata Entity",
                    "type": "Type"
                }
            ],
            "id": "http://data.okeeffemuseum.org/person/815/wikidata",
            "type": "Identifier",
            "value": "Q1159131"
        },
        {
            "classified_as": [
                {
                    "id": "aat:300404621",
                    "label": "repository numbers",
                    "type": "Type"
                }
            ],
            "id": "http://data.okeeffemuseum.org/person/815/identifier/1/",
            "type": "Identifier",
            "value": "815"
        },
        {
            "classified_as": [
                {
                    "id": "aat:300404670",
                    "label": "preferred terms",
                    "type": "Type"
                }
            ],
            "id": "http://data.okeeffemuseum.org/person/815/name/0",
            "type": "Name",
            "value": "Dan Namingha"
        }
    ],
    "label": "Dan Namingha",
    "member_of": [
        {
            "id": "http://data.okeeffemuseum.org/actor/815/gender/",
            "label": "Male",
            "type": "Group"
        },
        {
            "id": "http://data.okeeffemuseum.org/person/815/occupation/",
            "label": "Artist",
            "type": "Group"
        }
    ],
    "participated_in": [
        {
            "classified_as": [
                {
                    "id": "aat:300263369",
                    "label": "occupations (livelihoods)",
                    "type": "Type"
                }
            ],
            "id": "http://data.okeeffemuseum.org/occupation/artist",
            "label": "Artist",
            "type": "Activity"
        },
        {
            "classified_as": [
                {
                    "id": "aat:300138082",
                    "label": "techniques (processes)"
                }
            ],
            "id": "aat:300251917",
            "label": [
                "makers",
                "Maker"
            ],
            "type": "Activity"
        }
    ],
    "referred_to_by": [
        {
            "classified_as": [
                {
                    "id": "aat:300080102",
                    "label": "biographies (literary works)",
                    "type": "Type"
                }
            ],
            "id": "http://data.okeeffemuseum.org/person/815/description/",
            "label": "Dan Namingha (born 1950, Keams Canyon, Arizona) is a Native American painter and sculptor. He is Dextra Quotskuyva's son, and a great-great-grandson of Nampeyo. He is a member of the Hopi-Tewa member of the Hopi Tribe. He currently lives in Santa Fe, New Mexico. (Sourced from Wikipedia, August 2019)",
            "type": "LinguisticObject"
        }
    ],
    "subject_of": [
        {
            "classified_as": [
                {
                    "id": "wd:Q15138389",
                    "label": "Wikipedia Article",
                    "type": "Type"
                },
                {
                    "id": "aat:300264578",
                    "label": "Web pages (documents)",
                    "type": "Type"
                }
            ],
            "id": "https://en.wikipedia.org/wiki/Dan_Namingha",
            "type": "LinguisticObject"
        }
    ],
    "type": "Actor"
}