{
    "@context": "https://linked.art/ns/v1/linked-art.json",
    "classified_as": [
        {
            "id": "aat:300025969",
            "label": "corporations",
            "type": "Type"
        }
    ],
    "exact_match": [
        "ulan:500310001"
    ],
    "id": "http://data.okeeffemuseum.org/person/826",
    "identified_by": [
        {
            "classified_as": [
                {
                    "id": "aat:300404621",
                    "label": "repository numbers",
                    "type": "Type"
                }
            ],
            "id": "http://data.okeeffemuseum.org/person/826/identifier/1/",
            "type": "Identifier",
            "value": "826"
        },
        {
            "classified_as": [
                {
                    "id": "wd:Q43649390",
                    "label": "Wikidata Entity",
                    "type": "Type"
                }
            ],
            "id": "http://data.okeeffemuseum.org/person/826/wikidata",
            "type": "Identifier",
            "value": "Q23402"
        },
        {
            "classified_as": [
                {
                    "id": "aat:300404670",
                    "label": "preferred terms",
                    "type": "Type"
                }
            ],
            "id": "http://data.okeeffemuseum.org/person/826/name/0",
            "type": "Name",
            "value": "Musee d'Orsay"
        }
    ],
    "label": "Musee d'Orsay",
    "member_of": [
        {
            "id": "http://data.okeeffemuseum.org/person/826/occupation/",
            "label": "Art Museum",
            "type": "Group"
        }
    ],
    "participated_in": [
        {
            "classified_as": [
                {
                    "id": "aat:300263369",
                    "label": "occupations (livelihoods)",
                    "type": "Type"
                }
            ],
            "id": "http://data.okeeffemuseum.org/occupation/art-museum",
            "label": "Art Museum",
            "type": "Activity"
        }
    ],
    "referred_to_by": [
        {
            "classified_as": [
                {
                    "id": "aat:300080102",
                    "label": "biographies (literary works)",
                    "type": "Type"
                }
            ],
            "id": "http://data.okeeffemuseum.org/person/826/description/",
            "label": "The Mus\u00e9e d'Orsay (French pronunciation: \u200b[myze d\u0254\u0281s\u025b]) is a museum in Paris, France, on the Left Bank of the Seine.  It is housed in the former Gare d'Orsay, a Beaux-Arts railway station built between 1898 and 1900. The museum holds mainly French art dating from 1848 to 1914, including paintings, sculptures, furniture, and photography. It houses the largest collection of impressionist and post-Impressionist masterpieces in the world, by painters including Monet, Manet, Degas, Renoir, C\u00e9zanne, Seurat, Sisley, Gauguin, and Van Gogh.  Many of these works were held at the Galerie nationale du Jeu de Paume prior to the museum's opening in 1986. It is one of the largest art museums in Europe. Mus\u00e9e d'Orsay had 3.177 million visitors in 2017. (Sourced from Wikipedia, August 2019)",
            "type": "LinguisticObject"
        }
    ],
    "subject_of": [
        {
            "classified_as": [
                {
                    "id": "wd:Q15138389",
                    "label": "Wikipedia Article",
                    "type": "Type"
                },
                {
                    "id": "aat:300264578",
                    "label": "Web pages (documents)",
                    "type": "Type"
                }
            ],
            "id": "https://en.wikipedia.org/wiki/Mus%C3%A9e_d%27Orsay",
            "type": "LinguisticObject"
        }
    ],
    "type": "Actor"
}