{
    "@context": "https://linked.art/ns/v1/linked-art.json",
    "brought_into_existence_by": {
        "id": "http://data.okeeffemuseum.org/person/839/birthevent/",
        "timespan": {
            "begin_of_the_begin": "1874-01-01T00:00:00",
            "end_of_the_end": "1874-01-01T00:00:00",
            "id": "http://data.okeeffemuseum.org/person/839/birthevent/timespan/",
            "label": "1874",
            "type": "TimeSpan"
        },
        "type": "BeginningOfExistence"
    },
    "classified_as": [
        {
            "id": "aat:300025969",
            "label": "corporations",
            "type": "Type"
        }
    ],
    "exact_match": [
        "http://id.loc.gov/authorities/names/no2001093748"
    ],
    "id": "http://data.okeeffemuseum.org/person/839",
    "identified_by": [
        {
            "classified_as": [
                {
                    "id": "aat:300404670",
                    "label": "preferred terms",
                    "type": "Type"
                }
            ],
            "id": "http://data.okeeffemuseum.org/person/839/name/0",
            "type": "Name",
            "value": "Vollrath Co."
        },
        {
            "classified_as": [
                {
                    "id": "wd:Q43649390",
                    "label": "Wikidata Entity",
                    "type": "Type"
                }
            ],
            "id": "http://data.okeeffemuseum.org/person/839/wikidata",
            "type": "Identifier",
            "value": "Q7940496"
        },
        {
            "classified_as": [
                {
                    "id": "aat:300404621",
                    "label": "repository numbers",
                    "type": "Type"
                }
            ],
            "id": "http://data.okeeffemuseum.org/person/839/identifier/1/",
            "type": "Identifier",
            "value": "839"
        }
    ],
    "label": "Vollrath Co.",
    "member_of": [
        {
            "id": "http://data.okeeffemuseum.org/person/839/occupation/",
            "label": "Manufacturer",
            "type": "Group"
        },
        {
            "id": "http://data.okeeffemuseum.org/person/839/nationality/",
            "label": "American",
            "type": "Group"
        }
    ],
    "participated_in": [
        {
            "classified_as": [
                {
                    "id": "aat:300138082",
                    "label": "techniques (processes)"
                }
            ],
            "id": "http://id.loc.gov/vocabulary/relators/mfr",
            "label": "Manufacturer",
            "type": "Activity"
        },
        {
            "classified_as": [
                {
                    "id": "aat:300263369",
                    "label": "occupations (livelihoods)",
                    "type": "Type"
                }
            ],
            "id": "http://data.okeeffemuseum.org/occupation/manufacturer",
            "label": "Manufacturer",
            "type": "Activity"
        }
    ],
    "referred_to_by": [
        {
            "classified_as": [
                {
                    "id": "aat:300080102",
                    "label": "biographies (literary works)",
                    "type": "Type"
                }
            ],
            "id": "http://data.okeeffemuseum.org/person/839/description/",
            "label": "The Vollrath Company, LLC is an American company based in Sheboygan, Wisconsin that manufactures stainless steel and aluminum small-wares and equipment, and deep draw stainless steel. These items are supplied to commercial and institutional foodservice operations. (Sourced from Wikipedia, August 2019)",
            "type": "LinguisticObject"
        }
    ],
    "subject_of": [
        {
            "classified_as": [
                {
                    "id": "wd:Q15138389",
                    "label": "Wikipedia Article",
                    "type": "Type"
                },
                {
                    "id": "aat:300264578",
                    "label": "Web pages (documents)",
                    "type": "Type"
                }
            ],
            "id": "https://en.wikipedia.org/wiki/The_Vollrath_Company",
            "type": "LinguisticObject"
        }
    ],
    "type": "Actor"
}