{
    "@context": "https://linked.art/ns/v1/linked-art.json",
    "brought_into_existence_by": {
        "id": "http://data.okeeffemuseum.org/person/908/birthevent/",
        "timespan": {
            "begin_of_the_begin": "1934-01-01T00:00:00",
            "end_of_the_end": "1934-01-01T00:00:00",
            "id": "http://data.okeeffemuseum.org/person/908/birthevent/timespan/",
            "label": "1934",
            "type": "TimeSpan"
        },
        "type": "BeginningOfExistence"
    },
    "classified_as": [
        {
            "id": "aat:300024979",
            "label": "people (agents)",
            "type": "Type"
        }
    ],
    "exact_match": [
        "http://id.loc.gov/authorities/names/n85186024"
    ],
    "id": "http://data.okeeffemuseum.org/person/908",
    "identified_by": [
        {
            "classified_as": [
                {
                    "id": "aat:300404670",
                    "label": "preferred terms",
                    "type": "Type"
                }
            ],
            "id": "http://data.okeeffemuseum.org/person/908/name/0",
            "type": "Name",
            "value": "John Loengard"
        },
        {
            "classified_as": [
                {
                    "id": "aat:300404621",
                    "label": "repository numbers",
                    "type": "Type"
                }
            ],
            "id": "http://data.okeeffemuseum.org/person/908/identifier/1/",
            "type": "Identifier",
            "value": "908"
        },
        {
            "classified_as": [
                {
                    "id": "wd:Q43649390",
                    "label": "Wikidata Entity",
                    "type": "Type"
                }
            ],
            "id": "http://data.okeeffemuseum.org/person/908/wikidata",
            "type": "Identifier",
            "value": "Q16095739"
        }
    ],
    "label": "John Loengard",
    "member_of": [
        {
            "id": "http://data.okeeffemuseum.org/person/908/occupation/",
            "label": "Photographer",
            "type": "Group"
        },
        {
            "id": "http://data.okeeffemuseum.org/actor/908/gender/",
            "label": "Male",
            "type": "Group"
        },
        {
            "id": "http://data.okeeffemuseum.org/person/908/nationality/",
            "label": "American",
            "type": "Group"
        }
    ],
    "participated_in": [
        {
            "classified_as": [
                {
                    "id": "aat:300263369",
                    "label": "occupations (livelihoods)",
                    "type": "Type"
                }
            ],
            "id": "http://data.okeeffemuseum.org/occupation/photographer",
            "label": "Photographer",
            "type": "Activity"
        },
        {
            "classified_as": [
                {
                    "id": "aat:300138082",
                    "label": "techniques (processes)"
                }
            ],
            "id": "http://id.loc.gov/vocabulary/relators/pht",
            "label": "Photographer",
            "type": "Activity"
        }
    ],
    "referred_to_by": [
        {
            "classified_as": [
                {
                    "id": "aat:300080102",
                    "label": "biographies (literary works)",
                    "type": "Type"
                }
            ],
            "id": "http://data.okeeffemuseum.org/person/908/description/",
            "label": "John Loengard, an American photographer, joined the staff of Life magazine in 1961, and from 1973 to 1987 he served as the magazine's picture editor. He has taught at the International Center for Photography, New York, The New School for Social Research, New York,  and at workshops around the country. Loengard\u2019s work is in the collections of institutions including the National Portrait Gallery, Washington, D.C.; the Center for Creative Photography, Tucson, Arizona; the International Center of Photography, New York, New York; the Menil Foundation, Houston, Texas; and the George Eastman House, Rochester, New York. (Sourced from Wikipedia, August 2019)",
            "type": "LinguisticObject"
        }
    ],
    "subject_of": [
        {
            "classified_as": [
                {
                    "id": "aat:300264578",
                    "label": "Web pages (documents)",
                    "type": "Type"
                },
                {
                    "id": "wd:Q15138389",
                    "label": "Wikipedia Article",
                    "type": "Type"
                }
            ],
            "id": "https://en.wikipedia.org/wiki/John_Loengard",
            "type": "LinguisticObject"
        }
    ],
    "type": "Actor"
}