{
    "@context": "https://linked.art/ns/v1/linked-art.json",
    "brought_into_existence_by": {
        "id": "http://data.okeeffemuseum.org/person/940/birthevent/",
        "timespan": {
            "begin_of_the_begin": "1914-01-01T00:00:00",
            "end_of_the_end": "1914-01-01T00:00:00",
            "id": "http://data.okeeffemuseum.org/person/940/birthevent/timespan/",
            "label": "1914",
            "type": "TimeSpan"
        },
        "type": "BeginningOfExistence"
    },
    "classified_as": [
        {
            "id": "aat:300025969",
            "label": "corporations",
            "type": "Type"
        }
    ],
    "id": "http://data.okeeffemuseum.org/person/940",
    "identified_by": [
        {
            "classified_as": [
                {
                    "id": "aat:300404621",
                    "label": "repository numbers",
                    "type": "Type"
                }
            ],
            "id": "http://data.okeeffemuseum.org/person/940/identifier/1/",
            "type": "Identifier",
            "value": "940"
        },
        {
            "classified_as": [
                {
                    "id": "aat:300404670",
                    "label": "preferred terms",
                    "type": "Type"
                }
            ],
            "id": "http://data.okeeffemuseum.org/person/940/name/0",
            "type": "Name",
            "value": "ELAC"
        }
    ],
    "label": "ELAC",
    "member_of": [
        {
            "id": "http://data.okeeffemuseum.org/person/940/occupation/",
            "label": "Manufacturer",
            "type": "Group"
        },
        {
            "id": "http://data.okeeffemuseum.org/person/940/nationality/",
            "label": "German",
            "type": "Group"
        }
    ],
    "participated_in": [
        {
            "classified_as": [
                {
                    "id": "aat:300263369",
                    "label": "occupations (livelihoods)",
                    "type": "Type"
                }
            ],
            "id": "http://data.okeeffemuseum.org/occupation/manufacturer",
            "label": "Manufacturer",
            "type": "Activity"
        },
        {
            "classified_as": [
                {
                    "id": "aat:300138082",
                    "label": "techniques (processes)"
                }
            ],
            "id": "http://id.loc.gov/vocabulary/relators/mfr",
            "label": "Manufacturer",
            "type": "Activity"
        }
    ],
    "type": "Actor"
}