{
    "@context": "https://linked.art/ns/v1/linked-art.json",
    "brought_into_existence_by": {
        "id": "http://data.okeeffemuseum.org/person/964/birthevent/",
        "timespan": {
            "begin_of_the_begin": "1889-10-23T00:00:00",
            "end_of_the_end": "1889-10-23T00:00:00",
            "id": "http://data.okeeffemuseum.org/person/964/birthevent/timespan/",
            "label": "Oct 23 1889",
            "type": "TimeSpan"
        },
        "type": "BeginningOfExistence"
    },
    "classified_as": [
        {
            "id": "aat:300024979",
            "label": "people (agents)",
            "type": "Type"
        }
    ],
    "exact_match": [
        "ulan:500399516"
    ],
    "id": "http://data.okeeffemuseum.org/person/964",
    "identified_by": [
        {
            "classified_as": [
                {
                    "id": "aat:300404621",
                    "label": "repository numbers",
                    "type": "Type"
                }
            ],
            "id": "http://data.okeeffemuseum.org/person/964/identifier/1/",
            "type": "Identifier",
            "value": "964"
        },
        {
            "classified_as": [
                {
                    "id": "wd:Q43649390",
                    "label": "Wikidata Entity",
                    "type": "Type"
                }
            ],
            "id": "http://data.okeeffemuseum.org/person/964/wikidata",
            "type": "Identifier",
            "value": "Q62018731"
        },
        {
            "classified_as": [
                {
                    "id": "aat:300404670",
                    "label": "preferred terms",
                    "type": "Type"
                }
            ],
            "id": "http://data.okeeffemuseum.org/person/964/name/0",
            "type": "Name",
            "value": "Ida Ten Eyck O'Keeffe"
        }
    ],
    "label": "Ida Ten Eyck O'Keeffe",
    "member_of": [
        {
            "id": "http://data.okeeffemuseum.org/person/964/occupation/",
            "label": "Artist",
            "type": "Group"
        },
        {
            "id": "http://data.okeeffemuseum.org/actor/964/gender/",
            "label": "Female",
            "type": "Group"
        },
        {
            "id": "http://data.okeeffemuseum.org/person/964/nationality/",
            "label": "American",
            "type": "Group"
        }
    ],
    "participated_in": [
        {
            "classified_as": [
                {
                    "id": "aat:300138082",
                    "label": "techniques (processes)"
                }
            ],
            "id": "http://id.loc.gov/vocabulary/relators/pht",
            "label": "Photographer",
            "type": "Activity"
        },
        {
            "classified_as": [
                {
                    "id": "aat:300263369",
                    "label": "occupations (livelihoods)",
                    "type": "Type"
                }
            ],
            "id": "http://data.okeeffemuseum.org/occupation/artist",
            "label": "Artist",
            "type": "Activity"
        },
        {
            "classified_as": [
                {
                    "id": "aat:300138082",
                    "label": "techniques (processes)"
                }
            ],
            "id": "http://id.loc.gov/vocabulary/relators/dpc",
            "label": "Depicted",
            "type": "Activity"
        }
    ],
    "referred_to_by": [
        {
            "classified_as": [
                {
                    "id": "aat:300080102",
                    "label": "biographies (literary works)",
                    "type": "Type"
                }
            ],
            "id": "http://data.okeeffemuseum.org/person/964/description/",
            "label": "Ida Ten Eyck O'Keeffe (October 23, 1889 \u2013 September 27, 1961) was an American visual artist known for oil paintings, watercolors, and monotypes. (Sourced from Wikipedia, August 2019)",
            "type": "LinguisticObject"
        }
    ],
    "subject_of": [
        {
            "classified_as": [
                {
                    "id": "aat:300264578",
                    "label": "Web pages (documents)",
                    "type": "Type"
                },
                {
                    "id": "wd:Q15138389",
                    "label": "Wikipedia Article",
                    "type": "Type"
                }
            ],
            "id": "https://en.wikipedia.org/wiki/Ida_O%27Keeffe",
            "type": "LinguisticObject"
        }
    ],
    "taken_out_of_existence_by": {
        "id": "http://data.okeeffemuseum.org/person/964/deathevent/",
        "timespan": {
            "begin_of_the_begin": "1961-09-27T00:00:00",
            "end_of_the_end": "1961-09-27T00:00:00",
            "id": "http://data.okeeffemuseum.org/person/964/deathevent/timespan/",
            "label": "Sep 27 1961",
            "type": "TimeSpan"
        },
        "type": "EndOfExistence"
    },
    "type": "Actor"
}