{
    "@context": "https://linked.art/ns/v1/linked-art.json",
    "brought_into_existence_by": {
        "id": "http://data.okeeffemuseum.org/person/989/birthevent/",
        "timespan": {
            "begin_of_the_begin": "1924-01-01T00:00:00",
            "end_of_the_end": "1924-01-01T00:00:00",
            "id": "http://data.okeeffemuseum.org/person/989/birthevent/timespan/",
            "label": "1924",
            "type": "TimeSpan"
        },
        "type": "BeginningOfExistence"
    },
    "classified_as": [
        {
            "id": "aat:300024979",
            "label": "people (agents)",
            "type": "Type"
        }
    ],
    "exact_match": [
        "ulan:500346656"
    ],
    "id": "http://data.okeeffemuseum.org/person/989",
    "identified_by": [
        {
            "classified_as": [
                {
                    "id": "aat:300404621",
                    "label": "repository numbers",
                    "type": "Type"
                }
            ],
            "id": "http://data.okeeffemuseum.org/person/989/identifier/1/",
            "type": "Identifier",
            "value": "989"
        },
        {
            "classified_as": [
                {
                    "id": "aat:300404670",
                    "label": "preferred terms",
                    "type": "Type"
                }
            ],
            "id": "http://data.okeeffemuseum.org/person/989/name/0",
            "type": "Name",
            "value": "Ralph Looney"
        }
    ],
    "label": "Ralph Looney",
    "member_of": [
        {
            "id": "http://data.okeeffemuseum.org/person/989/occupation/",
            "label": "Photographer",
            "type": "Group"
        },
        {
            "id": "http://data.okeeffemuseum.org/person/989/nationality/",
            "label": "American",
            "type": "Group"
        }
    ],
    "participated_in": [
        {
            "classified_as": [
                {
                    "id": "aat:300138082",
                    "label": "techniques (processes)"
                }
            ],
            "id": "http://id.loc.gov/vocabulary/relators/pht",
            "label": "Photographer",
            "type": "Activity"
        },
        {
            "classified_as": [
                {
                    "id": "aat:300263369",
                    "label": "occupations (livelihoods)",
                    "type": "Type"
                }
            ],
            "id": "http://data.okeeffemuseum.org/occupation/photographer",
            "label": "Photographer",
            "type": "Activity"
        }
    ],
    "taken_out_of_existence_by": {
        "id": "http://data.okeeffemuseum.org/person/989/deathevent/",
        "timespan": {
            "begin_of_the_begin": "2000-01-01T00:00:00",
            "end_of_the_end": "2000-01-01T00:00:00",
            "id": "http://data.okeeffemuseum.org/person/989/deathevent/timespan/",
            "label": "2000",
            "type": "TimeSpan"
        },
        "type": "EndOfExistence"
    },
    "type": "Actor"
}