{
    "@context": "https://linked.art/ns/v1/linked-art.json",
    "id": "http://data.okeeffemuseum.org/person/laughlin-clarence-john-",
    "identified_by": [
        {
            "classified_as": [
                {
                    "id": "aat:300404670",
                    "label": "preferred terms",
                    "type": "Type"
                }
            ],
            "id": "http://data.okeeffemuseum.org/person/laughlin-clarence-john-/name",
            "type": "Name",
            "value": "Laughlin, Clarence John."
        }
    ],
    "participated_in": [
        {
            "classified_as": [
                {
                    "id": "aat:300138082",
                    "label": "techniques (processes)"
                }
            ],
            "id": "http://id.loc.gov/vocabulary/relators/aut",
            "label": "Author",
            "type": "Activity"
        }
    ],
    "type": "Actor"
}