{
    "@context": "https://linked.art/ns/v1/linked-art.json",
    "id": "http://data.okeeffemuseum.org/person/published-for-the-national-collection-of-fine-arts-by-the-smithsonian-institution-press-for-sale-by-the-supt-of-docs-u-s-govt-print-off-",
    "identified_by": [
        {
            "classified_as": [
                {
                    "id": "aat:300404670",
                    "label": "preferred terms",
                    "type": "Type"
                }
            ],
            "id": "http://data.okeeffemuseum.org/person/published-for-the-national-collection-of-fine-arts-by-the-smithsonian-institution-press-for-sale-by-the-supt-of-docs-u-s-govt-print-off-/name",
            "type": "Name",
            "value": [
                "Published for the National Collection of Fine Arts by the Smithsonian Institution Press; [for sale by the Supt. of Docs., U.S. Govt. Print. Off.",
                "Published for the National Collection of Fine Arts by the Smithsonian Institution Press : for sale by the Supt. of Docs., U.S. Govt. Print. Off."
            ]
        }
    ],
    "participated_in": [
        {
            "classified_as": [
                {
                    "id": "aat:300138082",
                    "label": "techniques (processes)"
                }
            ],
            "id": "http://id.loc.gov/vocabulary/relators/pbl",
            "label": "Publisher",
            "type": "Activity"
        }
    ],
    "type": "Actor"
}