{
    "@context": "https://linked.art/ns/v1/linked-art.json",
    "exact_match": [
        "http://id.loc.gov/authorities/names/n82069422"
    ],
    "id": "http://data.okeeffemuseum.org/archive/collection/papers-from-the-ghost-ranch-library/origination/person/n82069422",
    "identified_by": [
        {
            "type": "Name",
            "value": "Hamilton, Juan, b. 1945"
        }
    ],
    "participated_in": [
        {
            "classified_as": [
                {
                    "id": "aat:300138082",
                    "label": "techniques (processes)"
                }
            ],
            "id": "aat:origination_source",
            "label": [
                "origination_source",
                "origination source"
            ],
            "type": "Activity"
        },
        {
            "classified_as": [
                {
                    "id": "aat:300138082",
                    "label": "techniques (processes)"
                }
            ],
            "id": "http://id.loc.gov/vocabulary/relators/dnr",
            "label": "Donor",
            "type": "Activity"
        }
    ],
    "type": "Actor"
}