{
    "@context": "https://linked.art/ns/v1/linked-art.json",
    "exact_match": [
        "ulan:500292589"
    ],
    "id": "http://data.okeeffemuseum.org/archive/corp/ulan/500292589",
    "identified_by": [
        {
            "classified_as": [
                {
                    "id": "wd:Q43649390",
                    "label": "Wikidata Entity",
                    "type": "Type"
                }
            ],
            "id": "http://data.okeeffemuseum.org/archive/corp/ulan/500292589/wikidata",
            "type": "Identifier",
            "value": "Q862034"
        },
        {
            "classified_as": [
                {
                    "id": "aat:300264273",
                    "label": "nonpreferred terms",
                    "type": "Type"
                }
            ],
            "type": "Name",
            "value": "Rockefeller Foundation (1913)"
        }
    ],
    "participated_in": [
        {
            "classified_as": [
                {
                    "id": "aat:300138082",
                    "label": "techniques (processes)"
                }
            ],
            "id": "http://id.loc.gov/vocabulary/relators/crp",
            "label": "Correspondent",
            "type": "Activity"
        }
    ],
    "subject_of": [
        {
            "classified_as": [
                {
                    "id": "wd:Q15138389",
                    "label": "Wikipedia Article",
                    "type": "Type"
                },
                {
                    "id": "aat:300264578",
                    "label": "Web pages (documents)",
                    "type": "Type"
                }
            ],
            "id": "https://en.wikipedia.org/wiki/Rockefeller_Foundation",
            "type": "LinguisticObject"
        }
    ],
    "type": "Actor"
}