{
    "@context": "https://linked.art/ns/v1/linked-art.json",
    "exact_match": [
        "ulan:500303688"
    ],
    "id": "http://data.okeeffemuseum.org/archive/corp/ulan/500303688",
    "identified_by": [
        {
            "classified_as": [
                {
                    "id": "aat:300264273",
                    "label": "nonpreferred terms",
                    "type": "Type"
                }
            ],
            "type": "Name",
            "value": "American Academy of Arts and Letters (1904)"
        },
        {
            "classified_as": [
                {
                    "id": "wd:Q43649390",
                    "label": "Wikidata Entity",
                    "type": "Type"
                }
            ],
            "id": "http://data.okeeffemuseum.org/archive/corp/ulan/500303688/wikidata",
            "type": "Identifier",
            "value": "Q463281"
        }
    ],
    "subject_of": [
        {
            "classified_as": [
                {
                    "id": "aat:300264578",
                    "label": "Web pages (documents)",
                    "type": "Type"
                },
                {
                    "id": "wd:Q15138389",
                    "label": "Wikipedia Article",
                    "type": "Type"
                }
            ],
            "id": "https://en.wikipedia.org/wiki/American_Academy_of_Arts_and_Letters",
            "type": "LinguisticObject"
        }
    ],
    "type": "Actor"
}