{
    "@context": "https://linked.art/ns/v1/linked-art.json",
    "exact_match": [
        "ulan:500311505"
    ],
    "id": "http://data.okeeffemuseum.org/archive/corp/ulan/500311505",
    "identified_by": [
        {
            "classified_as": [
                {
                    "id": "wd:Q43649390",
                    "label": "Wikidata Entity",
                    "type": "Type"
                }
            ],
            "id": "http://data.okeeffemuseum.org/archive/corp/ulan/500311505/wikidata",
            "type": "Identifier",
            "value": "Q5142014"
        },
        {
            "classified_as": [
                {
                    "id": "aat:300264273",
                    "label": "nonpreferred terms",
                    "type": "Type"
                }
            ],
            "type": "Name",
            "value": "Colby College Museum of Art (1959)"
        }
    ],
    "subject_of": [
        {
            "classified_as": [
                {
                    "id": "wd:Q15138389",
                    "label": "Wikipedia Article",
                    "type": "Type"
                },
                {
                    "id": "aat:300264578",
                    "label": "Web pages (documents)",
                    "type": "Type"
                }
            ],
            "id": "https://en.wikipedia.org/wiki/Colby_College_Museum_of_Art",
            "type": "LinguisticObject"
        }
    ],
    "type": "Actor"
}