{
    "@context": "https://linked.art/ns/v1/linked-art.json",
    "exact_match": [
        "ulan:500309742"
    ],
    "id": "http://data.okeeffemuseum.org/archive/corp/ulan/500309742",
    "identified_by": [
        {
            "classified_as": [
                {
                    "id": "aat:300264273",
                    "label": "nonpreferred terms",
                    "type": "Type"
                }
            ],
            "type": "Name",
            "value": "Suntory Museum of Art (1961)"
        }
    ],
    "type": "Actor"
}