{
    "@context": "https://linked.art/ns/v1/linked-art.json",
    "exact_match": [
        "ulan:500310014"
    ],
    "id": "http://data.okeeffemuseum.org/archive/corp/ulan/500310014",
    "identified_by": [
        {
            "classified_as": [
                {
                    "id": "wd:Q43649390",
                    "label": "Wikidata Entity",
                    "type": "Type"
                }
            ],
            "id": "http://data.okeeffemuseum.org/archive/corp/ulan/500310014/wikidata",
            "type": "Identifier",
            "value": "Q1895953"
        },
        {
            "classified_as": [
                {
                    "id": "aat:300264273",
                    "label": "nonpreferred terms",
                    "type": "Type"
                }
            ],
            "type": "Name",
            "value": "Musee National d'Art Moderne (1947)"
        }
    ],
    "participated_in": [
        {
            "classified_as": [
                {
                    "id": "aat:300138082",
                    "label": "techniques (processes)"
                }
            ],
            "id": "http://id.loc.gov/vocabulary/relators/pbl",
            "label": "Publisher",
            "type": "Activity"
        }
    ],
    "subject_of": [
        {
            "classified_as": [
                {
                    "id": "aat:300264578",
                    "label": "Web pages (documents)",
                    "type": "Type"
                },
                {
                    "id": "wd:Q15138389",
                    "label": "Wikipedia Article",
                    "type": "Type"
                }
            ],
            "id": "https://en.wikipedia.org/wiki/Mus%C3%A9e_National_d%27Art_Moderne",
            "type": "LinguisticObject"
        }
    ],
    "type": "Actor"
}